<?xml version="1.0" encoding="UTF-8"?>
<!-- 日志级别从低到高分为TRACE < DEBUG < INFO < WARN < ERROR < FATAL，如果设置为WARN，则低于WARN的信息都不会输出 -->
<!-- scan:当此属性设置为true时，配置文件如果发生改变，将会被重新加载，默认值为true -->
<!-- scanPeriod:设置监测配置文件是否有修改的时间间隔，如果没有给出时间单位，默认单位是毫秒。当scan为true时，此属性生效。默认的时间间隔为1分钟。 -->
<!-- debug:当此属性设置为true时，将打印出logback内部日志信息，实时查看logback运行状态。默认值为false。 -->
<configuration scan="true" scanPeriod="10 seconds">

    <!--<include resource="org/springframework/boot/logging/logback/base.xml" />-->

    <contextName>logback</contextName>
    <!-- name的值是变量的名称，value的值时变量定义的值。通过定义的值会被插入到logger上下文中。定义变量后，可以使“${}”来使用变量。 -->
    <property name="log.path" value="${log.path:-/data/log/jarservice}"/>
    <springProperty scope="context" name="app.name" source="spring.application.name" />

    <!-- 彩色日志 -->
    <!-- 彩色日志依赖的渲染类 -->
    <conversionRule conversionWord="clr" converterClass="org.springframework.boot.logging.logback.ColorConverter"/>
    <conversionRule conversionWord="wex"
                    converterClass="org.springframework.boot.logging.logback.WhitespaceThrowableProxyConverter"/>
    <conversionRule conversionWord="wEx"
                    converterClass="org.springframework.boot.logging.logback.ExtendedWhitespaceThrowableProxyConverter"/>
    <!-- 彩色日志格式 -->
    <property name="CONSOLE_LOG_PATTERN"
              value="${CONSOLE_LOG_PATTERN:-%clr(%d{yyyy-MM-dd HH:mm:ss.SSS}){faint} %clr(${LOG_LEVEL_PATTERN:-%5p}) %clr(${PID:- }){magenta} %clr(---){faint} %clr([%15.15t]){faint} %clr%-56(%logger{50}:%L){cyan} %clr(:){faint} %m%n${LOG_EXCEPTION_CONVERSION_WORD:-%wEx}}"/>
    <property name="CONSOLE_LEVEL" value="${CONSOLE_LEVEL:-INFO}"/>

    <!--输出到控制台-->
    <appender name="CONSOLE" class="ch.qos.logback.core.ConsoleAppender">
        <!--此日志appender是为开发使用，只配置最底级别，控制台输出的日志级别是大于或等于此级别的日志信息-->
        <filter class="ch.qos.logback.classic.filter.ThresholdFilter">
            <level>${CONSOLE_LEVEL}</level>
        </filter>
        <encoder>
            <Pattern>${CONSOLE_LOG_PATTERN}</Pattern>
            <!-- 设置字符集 -->
            <charset>UTF-8</charset>
        </encoder>
    </appender>
    <!--输出到文件-->

    <!-- 时间滚动输出 level为 INFO 日志 -->
    <appender name="INFO" class="ch.qos.logback.core.rolling.RollingFileAppender">
        <!-- 正在记录的日志文件的路径及文件名 -->
        <file>${log.path}/${app.name}_info.log</file>
        <!--日志文件输出格式-->
        <encoder>
            <pattern>%d{yyyy-MM-dd HH:mm:ss.SSS} [%thread] %-5level %-56(%logger{50}:%L) - %msg%n</pattern>
            <charset>UTF-8</charset>
        </encoder>
        <!-- 日志记录器的滚动策略，按日期，按大小记录 -->
        <rollingPolicy class="ch.qos.logback.core.rolling.TimeBasedRollingPolicy">
            <!-- 每天日志归档路径以及格式 -->
            <fileNamePattern>${log.path}/${app.name}_info_%d{yyyy-MM-dd}.%i.log</fileNamePattern>
            <timeBasedFileNamingAndTriggeringPolicy class="ch.qos.logback.core.rolling.SizeAndTimeBasedFNATP">
                <maxFileSize>500MB</maxFileSize>
            </timeBasedFileNamingAndTriggeringPolicy>
            <!--日志文件保留天数-->
            <maxHistory>15</maxHistory>
        </rollingPolicy>
        <filter class="ch.qos.logback.classic.filter.ThresholdFilter">
            <level>${CONSOLE_LEVEL}</level>
        </filter>
    </appender>

    <!-- 时间滚动输出 level为 ERROR 日志 -->
    <appender name="ERROR" class="ch.qos.logback.core.rolling.RollingFileAppender">
        <!-- 正在记录的日志文件的路径及文件名 -->
        <file>${log.path}/${app.name}_error.log</file>
        <!--日志文件输出格式-->
        <encoder>
            <pattern>%d{yyyy-MM-dd HH:mm:ss.SSS} [%thread] %-5level %-56(%logger{50}:%L) - %msg%n</pattern>
            <charset>UTF-8</charset> <!-- 此处设置字符集 -->
        </encoder>
        <!-- 日志记录器的滚动策略，按日期，按大小记录 -->
        <rollingPolicy class="ch.qos.logback.core.rolling.TimeBasedRollingPolicy">
            <fileNamePattern>${log.path}/${app.name}_error_%d{yyyy-MM-dd}.%i.log</fileNamePattern>
            <timeBasedFileNamingAndTriggeringPolicy class="ch.qos.logback.core.rolling.SizeAndTimeBasedFNATP">
                <maxFileSize>500MB</maxFileSize>
            </timeBasedFileNamingAndTriggeringPolicy>
            <!--日志文件保留天数-->
            <maxHistory>15</maxHistory>
        </rollingPolicy>
        <!-- 此日志文件只记录ERROR级别的 -->
        <filter class="ch.qos.logback.classic.filter.LevelFilter">
            <level>ERROR</level>
            <onMatch>ACCEPT</onMatch>
            <onMismatch>DENY</onMismatch>
        </filter>
    </appender>

    <!--开发环境:打印控制台-->
    <springProfile name="test">
        <root level="DEBUG">
            <appender-ref ref="CONSOLE"/>
            <appender-ref ref="INFO"/>
            <appender-ref ref="ERROR"/>
        </root>
    </springProfile>

    <!--生产环境-->
    <springProfile name="prod">
        <root level="DEBUG">
            <appender-ref ref="INFO"/>
            <appender-ref ref="ERROR"/>
        </root>
    </springProfile>

    <!--生产环境-->
    <springProfile name="gray">
        <root level="DEBUG">
            <appender-ref ref="INFO"/>
            <appender-ref ref="ERROR"/>
        </root>
    </springProfile>

</configuration>
