<?xml version="1.0" encoding="UTF-8"?>
<!DOCTYPE mapper PUBLIC "-//mybatis.org//DTD Mapper 3.0//EN" "http://mybatis.org/dtd/mybatis-3-mapper.dtd">
<mapper namespace="com.xjmzstarauto.store.order.business.mapper.AccountRemoveBackupMapper">

    <sql id="table">`account_remove_backup`</sql>
    <resultMap id="BaseResultMap" type="com.xjmzstarauto.store.order.business.model.domain.AccountRemoveBackupDO">
        <id column="id" jdbcType="BIGINT" property="id"/>
        <result column="user_id" jdbcType="VARCHAR" property="userId"/>
        <result column="table_id" jdbcType="BIGINT" property="tableId"/>
        <result column="table_name" jdbcType="VARCHAR" property="tableName"/>
        <result column="business_sn" jdbcType="VARCHAR" property="businessSn"/>
        <result column="content" jdbcType="VARCHAR" property="content"/>
        <result column="gmt_create" jdbcType="TIMESTAMP" property="gmtCreate"/>
        <result column="gmt_modified" jdbcType="TIMESTAMP" property="gmtModified"/>
    </resultMap>
    <sql id="Base_Column_List">
         `id` , `user_id` , `table_id` , `table_name` , `business_sn` , `content` , `gmt_create` , `gmt_modified` 
    </sql>

    <select id="selectByPrimaryKey" parameterType="java.lang.Long" resultMap="BaseResultMap">
        select
        <include refid="Base_Column_List" />
        from <include refid="table"/> 
        where
            `id` = #{id,jdbcType=BIGINT}
    </select>


    <delete id="deleteByPrimaryKey" parameterType="java.lang.Long">
        delete
        from <include refid="table"/>
        where
            `id` = #{id,jdbcType=BIGINT}
    </delete>

    <insert id="insertSelective" parameterType="com.xjmzstarauto.store.order.business.model.domain.AccountRemoveBackupDO" useGeneratedKeys="true" keyProperty="id">
        insert into
        <include refid="table"/>
        <trim prefix="(" suffix=")" suffixOverrides=",">
            <if test="userId != null">
                `user_id`,
            </if>
            <if test="tableId != null">
                `table_id`,
            </if>
            <if test="tableName != null">
                `table_name`,
            </if>
            <if test="businessSn != null">
                `business_sn`,
            </if>
            <if test="content != null">
                `content`,
            </if>
            <if test="gmtCreate != null">
                `gmt_create`,
            </if>
            <if test="gmtModified != null">
                `gmt_modified`,
            </if>
        </trim>
        <trim prefix="values (" suffix=")" suffixOverrides=",">
             <if test="userId != null">
                #{userId,jdbcType=VARCHAR},
             </if>
             <if test="tableId != null">
                #{tableId,jdbcType=BIGINT},
             </if>
             <if test="tableName != null">
                #{tableName,jdbcType=VARCHAR},
             </if>
             <if test="businessSn != null">
                #{businessSn,jdbcType=VARCHAR},
             </if>
             <if test="content != null">
                #{content,jdbcType=VARCHAR},
             </if>
             <if test="gmtCreate != null">
                #{gmtCreate,jdbcType=TIMESTAMP},
             </if>
             <if test="gmtModified != null">
                #{gmtModified,jdbcType=TIMESTAMP},
             </if>
        </trim>
    </insert>

    <update id="updateByPrimaryKeySelective" parameterType="com.xjmzstarauto.store.order.business.model.domain.AccountRemoveBackupDO">
        update
        <include refid="table"/>
        <set>
            <if test="userId != null">
                `user_id` = #{userId,jdbcType=VARCHAR},
            </if>
            <if test="tableId != null">
                `table_id` = #{tableId,jdbcType=BIGINT},
            </if>
            <if test="tableName != null">
                `table_name` = #{tableName,jdbcType=VARCHAR},
            </if>
            <if test="businessSn != null">
                `business_sn` = #{businessSn,jdbcType=VARCHAR},
            </if>
            <if test="content != null">
                `content` = #{content,jdbcType=VARCHAR},
            </if>
            <if test="gmtCreate != null">
                `gmt_create` = #{gmtCreate,jdbcType=TIMESTAMP},
            </if>
            <if test="gmtModified != null">
                `gmt_modified` = #{gmtModified,jdbcType=TIMESTAMP},
            </if>
        </set>
        where
            `id` = #{id,jdbcType=BIGINT}
    </update>

    <update id="accountRemoveOrder">
        update `order`
        set `user_id` = '-1'
          , `user_name` = '注销用户'
          ,`receiver_id` = 0
          , `receiver_province_id` = 0
          , `receiver_city_id` = 0
          , `receiver_area_id` = 0
          , `receiver_street_id` = 0
          , `receiver_address` = "****"
          , `receiver_detail_address` = "****"
          , `receiver_zipcode` = "****"
          , `receiver_tel` = "****"
          , `receiver_name` = "****"
        where `user_id` =  #{userId}
    </update>

    <update id="accountRemoveOrderChild">
        update `order_child`
        set `user_id` = '-1'
          , `user_name` = '注销用户'
        where `user_id` =  #{userId}
    </update>

    <update id="accountRemoveOrderRefund">
        update `order_refund`
        set `order_user_id` = '-1'
          , `order_user_name` = '注销用户'
        where `order_user_id` =  #{userId}
    </update>

    <select id="count" parameterType="com.xjmzstarauto.store.order.business.model.param.AccountRemoveBackupQueryPARAM" resultType="java.lang.Integer">
        select count(1)
        from <include refid="table"/> 
        where <include refid="Base_Page_Where"/>
    </select>

    <select id="getList" parameterType="com.xjmzstarauto.store.order.business.model.param.AccountRemoveBackupQueryPARAM" resultMap="BaseResultMap">
        select <include refid="Base_Column_List"/>
        from <include refid="table"/> 
        where <include refid="Base_Page_Where"/>
    </select>

    <!-- 分页查询查询条件 -->
    <sql id="Base_Page_Where">
        1=1
        <if test=" param != null ">
            <if test=" param.id != null">
                and `id` = #{param.id}
            </if>
            <if test=" param.userId != null">
                and `user_id` = #{param.userId}
            </if>
            <if test=" param.userIdLike != null">
                and `user_id` like concat ('%',#{param.userIdLike},'%')
            </if>
            <if test=" param.tableId != null">
                and `table_id` = #{param.tableId}
            </if>
            <if test=" param.tableName != null">
                and `table_name` = #{param.tableName}
            </if>
            <if test=" param.tableNameLike != null">
                and `table_name` like concat ('%',#{param.tableNameLike},'%')
            </if>
            <if test=" param.businessSn != null">
                and `business_sn` = #{param.businessSn}
            </if>
            <if test=" param.businessSnLike != null">
                and `business_sn` like concat ('%',#{param.businessSnLike},'%')
            </if>
            <if test=" param.content != null">
                and `content` = #{param.content}
            </if>
            <if test=" param.contentLike != null">
                and `content` like concat ('%',#{param.contentLike},'%')
            </if>
            <if test=" param.gmtCreate != null">
                and `gmt_create` = #{param.gmtCreate}
            </if>
            <if test=" param.gmtCreateLte != null">
                and `gmt_create` &lt;= #{param.gmtCreateLte}
            </if>
            <if test=" param.gmtCreateLt != null">
                and `gmt_create` &lt; #{param.gmtCreateLt}
            </if>
            <if test=" param.gmtCreateGte != null">
                and `gmt_create` &gt;= #{param.gmtCreateGte}
            </if>
            <if test=" param.gmtCreateGt != null">
                and `gmt_create` &gt; #{param.gmtCreateGt}
            </if>
            <if test=" param.gmtModified != null">
                and `gmt_modified` = #{param.gmtModified}
            </if>
            <if test=" param.gmtModifiedLte != null">
                and `gmt_modified` &lt;= #{param.gmtModifiedLte}
            </if>
            <if test=" param.gmtModifiedLt != null">
                and `gmt_modified` &lt; #{param.gmtModifiedLt}
            </if>
            <if test=" param.gmtModifiedGte != null">
                and `gmt_modified` &gt;= #{param.gmtModifiedGte}
            </if>
            <if test=" param.gmtModifiedGt != null">
                and `gmt_modified` &gt; #{param.gmtModifiedGt}
            </if>
        </if>
    </sql>

</mapper>

