<?xml version="1.0" encoding="UTF-8"?>
<!DOCTYPE mapper PUBLIC "-//mybatis.org//DTD Mapper 3.0//EN" "http://mybatis.org/dtd/mybatis-3-mapper.dtd">
<mapper namespace="com.xjmzstarauto.store.order.business.mapper.AppConfigMapper">

    <sql id="table">`app_config`</sql>
    <resultMap id="BaseResultMap" type="com.xjmzstarauto.store.order.business.model.domain.AppConfigDO">
        <id column="id" jdbcType="BIGINT" property="id"/>
        <result column="key" jdbcType="VARCHAR" property="key"/>
        <result column="value" jdbcType="VARCHAR" property="value"/>
        <result column="gmt_create" jdbcType="TIMESTAMP" property="gmtCreate"/>
        <result column="gmt_modified" jdbcType="TIMESTAMP" property="gmtModified"/>
    </resultMap>
    <sql id="Base_Column_List">
         `id` , `key` , `value` , `gmt_create` , `gmt_modified` 
    </sql>

    <select id="selectByPrimaryKey" parameterType="java.lang.Long" resultMap="BaseResultMap">
        select
        <include refid="Base_Column_List" />
        from <include refid="table"/> 
        where
            `id` = #{id,jdbcType=BIGINT}
    </select>

    <select id="selectByKey" parameterType="java.lang.String" resultMap="BaseResultMap">
        select
        <include refid="Base_Column_List" />
        from <include refid="table"/>
        where
        `key` = #{key,jdbcType=VARCHAR}
    </select>


    <delete id="deleteByPrimaryKey" parameterType="java.lang.Long">
        delete
        from <include refid="table"/>
        where
            `id` = #{id,jdbcType=BIGINT}
    </delete>

    <insert id="insertSelective" parameterType="com.xjmzstarauto.store.order.business.model.domain.AppConfigDO" useGeneratedKeys="true" keyProperty="id">
        insert into
        <include refid="table"/>
        <trim prefix="(" suffix=")" suffixOverrides=",">
            <if test="key != null">
                `key`,
            </if>
            <if test="value != null">
                `value`,
            </if>
            <if test="gmtCreate != null">
                `gmt_create`,
            </if>
            <if test="gmtModified != null">
                `gmt_modified`,
            </if>
        </trim>
        <trim prefix="values (" suffix=")" suffixOverrides=",">
             <if test="key != null">
                #{key,jdbcType=VARCHAR},
             </if>
             <if test="value != null">
                #{value,jdbcType=VARCHAR},
             </if>
             <if test="gmtCreate != null">
                #{gmtCreate,jdbcType=TIMESTAMP},
             </if>
             <if test="gmtModified != null">
                #{gmtModified,jdbcType=TIMESTAMP},
             </if>
        </trim>
    </insert>

    <update id="updateByPrimaryKeySelective" parameterType="com.xjmzstarauto.store.order.business.model.domain.AppConfigDO">
        update
        <include refid="table"/>
        <set>
            <if test="key != null">
                `key` = #{key,jdbcType=VARCHAR},
            </if>
            <if test="value != null">
                `value` = #{value,jdbcType=VARCHAR},
            </if>
            <if test="gmtCreate != null">
                `gmt_create` = #{gmtCreate,jdbcType=TIMESTAMP},
            </if>
            <if test="gmtModified != null">
                `gmt_modified` = #{gmtModified,jdbcType=TIMESTAMP},
            </if>
        </set>
        where
            `id` = #{id,jdbcType=BIGINT}
    </update>

    <select id="count" parameterType="com.xjmzstarauto.store.order.business.model.param.AppConfigQueryPARAM" resultType="java.lang.Integer">
        select count(1)
        from <include refid="table"/> 
        where <include refid="Base_Page_Where"/>
    </select>

    <select id="getList" parameterType="com.xjmzstarauto.store.order.business.model.param.AppConfigQueryPARAM" resultMap="BaseResultMap">
        select <include refid="Base_Column_List"/>
        from <include refid="table"/> 
        where <include refid="Base_Page_Where"/>
    </select>

    <!-- 分页查询查询条件 -->
    <sql id="Base_Page_Where">
        1=1
        <if test=" param != null ">
            <if test=" param.id != null">
                and `id` = #{param.id}
            </if>
            <if test=" param.key != null">
                and `key` = #{param.key}
            </if>
            <if test=" param.keyLike != null">
                and `key` like concat ('%',#{param.keyLike},'%')
            </if>
            <if test=" param.value != null">
                and `value` = #{param.value}
            </if>
            <if test=" param.valueLike != null">
                and `value` like concat ('%',#{param.valueLike},'%')
            </if>
            <if test=" param.gmtCreate != null">
                and `gmt_create` = #{param.gmtCreate}
            </if>
            <if test=" param.gmtCreateLte != null">
                and `gmt_create` &lt;= #{param.gmtCreateLte}
            </if>
            <if test=" param.gmtCreateLt != null">
                and `gmt_create` &lt; #{param.gmtCreateLt}
            </if>
            <if test=" param.gmtCreateGte != null">
                and `gmt_create` &gt;= #{param.gmtCreateGte}
            </if>
            <if test=" param.gmtCreateGt != null">
                and `gmt_create` &gt; #{param.gmtCreateGt}
            </if>
            <if test=" param.gmtModified != null">
                and `gmt_modified` = #{param.gmtModified}
            </if>
            <if test=" param.gmtModifiedLte != null">
                and `gmt_modified` &lt;= #{param.gmtModifiedLte}
            </if>
            <if test=" param.gmtModifiedLt != null">
                and `gmt_modified` &lt; #{param.gmtModifiedLt}
            </if>
            <if test=" param.gmtModifiedGte != null">
                and `gmt_modified` &gt;= #{param.gmtModifiedGte}
            </if>
            <if test=" param.gmtModifiedGt != null">
                and `gmt_modified` &gt; #{param.gmtModifiedGt}
            </if>
        </if>
    </sql>

</mapper>

