<?xml version="1.0" encoding="UTF-8"?>
<!DOCTYPE mapper PUBLIC "-//mybatis.org//DTD Mapper 3.0//EN" "http://mybatis.org/dtd/mybatis-3-mapper.dtd">
<mapper namespace="com.xjmzstarauto.store.order.business.mapper.AppNodeMapper">

    <sql id="table">`app_node`</sql>
    <resultMap id="BaseResultMap" type="com.xjmzstarauto.store.order.business.model.domain.AppNodeDO">
        <id column="id" jdbcType="BIGINT" property="id"/>
        <result column="app_key" jdbcType="VARCHAR" property="appKey"/>
        <result column="app_id" jdbcType="INTEGER" property="appId"/>
        <result column="ip" jdbcType="VARCHAR" property="ip"/>
        <result column="gmt_create" jdbcType="TIMESTAMP" property="gmtCreate"/>
        <result column="gmt_modified" jdbcType="TIMESTAMP" property="gmtModified"/>
    </resultMap>
    <sql id="Base_Column_List">
         `id` , `app_key` , `app_id` , `ip` , `gmt_create` , `gmt_modified` 
    </sql>

    <select id="selectByPrimaryKey" parameterType="java.lang.Long" resultMap="BaseResultMap">
        select
        <include refid="Base_Column_List" />
        from <include refid="table"/> 
        where
            `id` = #{id,jdbcType=BIGINT}
    </select>


    <delete id="deleteByPrimaryKey" parameterType="java.lang.Long">
        delete
        from <include refid="table"/>
        where
            `id` = #{id,jdbcType=BIGINT}
    </delete>

    <delete id="deleteByAppKeyAndAppId">
        delete
        from <include refid="table"/>
        where
        `app_key` = #{appKey,jdbcType=VARCHAR} and `app_id` = #{appId,jdbcType=INTEGER}
    </delete>

    <delete id="deleteByCreateLt3Month">
        delete
        from <include refid="table"/>
        where
        `gmt_create` &lt; DATE_ADD(NOW(),INTERVAL -3 MONTH)
    </delete>

    <insert id="insertSelective" parameterType="com.xjmzstarauto.store.order.business.model.domain.AppNodeDO" useGeneratedKeys="true" keyProperty="id">
        insert into
        <include refid="table"/>
        <trim prefix="(" suffix=")" suffixOverrides=",">
            <if test="appKey != null">
                `app_key`,
            </if>
            <if test="appId != null">
                `app_id`,
            </if>
            <if test="ip != null">
                `ip`,
            </if>
            <if test="gmtCreate != null">
                `gmt_create`,
            </if>
            <if test="gmtModified != null">
                `gmt_modified`,
            </if>
        </trim>
        <trim prefix="values (" suffix=")" suffixOverrides=",">
             <if test="appKey != null">
                #{appKey,jdbcType=VARCHAR},
             </if>
             <if test="appId != null">
                #{appId,jdbcType=INTEGER},
             </if>
             <if test="ip != null">
                #{ip,jdbcType=VARCHAR},
             </if>
             <if test="gmtCreate != null">
                #{gmtCreate,jdbcType=TIMESTAMP},
             </if>
             <if test="gmtModified != null">
                #{gmtModified,jdbcType=TIMESTAMP},
             </if>
        </trim>
    </insert>

    <update id="updateByPrimaryKeySelective" parameterType="com.xjmzstarauto.store.order.business.model.domain.AppNodeDO">
        update
        <include refid="table"/>
        <set>
            <if test="appKey != null">
                `app_key` = #{appKey,jdbcType=VARCHAR},
            </if>
            <if test="appId != null">
                `app_id` = #{appId,jdbcType=INTEGER},
            </if>
            <if test="ip != null">
                `ip` = #{ip,jdbcType=VARCHAR},
            </if>
            <if test="gmtCreate != null">
                `gmt_create` = #{gmtCreate,jdbcType=TIMESTAMP},
            </if>
            <if test="gmtModified != null">
                `gmt_modified` = #{gmtModified,jdbcType=TIMESTAMP},
            </if>
        </set>
        where
            `id` = #{id,jdbcType=BIGINT}
    </update>

    <select id="count" parameterType="com.xjmzstarauto.store.order.business.model.param.AppNodeQueryPARAM" resultType="java.lang.Integer">
        select count(1)
        from <include refid="table"/> 
        where <include refid="Base_Page_Where"/>
    </select>

    <select id="getList" parameterType="com.xjmzstarauto.store.order.business.model.param.AppNodeQueryPARAM" resultMap="BaseResultMap">
        select <include refid="Base_Column_List"/>
        from <include refid="table"/> 
        where <include refid="Base_Page_Where"/>
    </select>

    <!-- 分页查询查询条件 -->
    <sql id="Base_Page_Where">
        1=1
        <if test=" param != null ">
            <if test=" param.id != null">
                and `id` = #{param.id}
            </if>
            <if test=" param.appKey != null">
                and `app_key` = #{param.appKey}
            </if>
            <if test=" param.appKeyLike != null">
                and `app_key` like concat ('%',#{param.appKeyLike},'%')
            </if>
            <if test=" param.appId != null">
                and `app_id` = #{param.appId}
            </if>
            <if test=" param.ip != null">
                and `ip` = #{param.ip}
            </if>
            <if test=" param.ipLike != null">
                and `ip` like concat ('%',#{param.ipLike},'%')
            </if>
            <if test=" param.gmtCreate != null">
                and `gmt_create` = #{param.gmtCreate}
            </if>
            <if test=" param.gmtCreateLte != null">
                and `gmt_create` &lt;= #{param.gmtCreateLte}
            </if>
            <if test=" param.gmtCreateLt != null">
                and `gmt_create` &lt; #{param.gmtCreateLt}
            </if>
            <if test=" param.gmtCreateGte != null">
                and `gmt_create` &gt;= #{param.gmtCreateGte}
            </if>
            <if test=" param.gmtCreateGt != null">
                and `gmt_create` &gt; #{param.gmtCreateGt}
            </if>
            <if test=" param.gmtModified != null">
                and `gmt_modified` = #{param.gmtModified}
            </if>
            <if test=" param.gmtModifiedLte != null">
                and `gmt_modified` &lt;= #{param.gmtModifiedLte}
            </if>
            <if test=" param.gmtModifiedLt != null">
                and `gmt_modified` &lt; #{param.gmtModifiedLt}
            </if>
            <if test=" param.gmtModifiedGte != null">
                and `gmt_modified` &gt;= #{param.gmtModifiedGte}
            </if>
            <if test=" param.gmtModifiedGt != null">
                and `gmt_modified` &gt; #{param.gmtModifiedGt}
            </if>
        </if>
    </sql>

</mapper>

