<?xml version="1.0" encoding="UTF-8"?>
<!DOCTYPE mapper PUBLIC "-//mybatis.org//DTD Mapper 3.0//EN" "http://mybatis.org/dtd/mybatis-3-mapper.dtd">
<mapper namespace="com.xjmzstarauto.store.order.business.mapper.OrderRefundRecordMapper">

    <sql id="table">`order_refund_record`</sql>
    <resultMap id="BaseResultMap" type="com.xjmzstarauto.store.order.business.model.domain.OrderRefundRecordDO">
        <id column="id" jdbcType="BIGINT" property="id"/>
        <result column="refund_sn" jdbcType="VARCHAR" property="refundSn"/>
        <result column="opt_action_name" jdbcType="VARCHAR" property="optActionName"/>
        <result column="opt_desc" jdbcType="VARCHAR" property="optDesc"/>
        <result column="opt_content" jdbcType="VARCHAR" property="optContent"/>
        <result column="opt_content_pic" jdbcType="VARCHAR" property="optContentPic"/>
        <result column="creator_id" jdbcType="VARCHAR" property="creatorId"/>
        <result column="creator_name" jdbcType="VARCHAR" property="creatorName"/>
        <result column="gmt_create" jdbcType="TIMESTAMP" property="gmtCreate"/>
        <result column="gmt_modified" jdbcType="TIMESTAMP" property="gmtModified"/>
        <result column="opt_type" jdbcType="INTEGER" property="optType"/>
    </resultMap>
    <sql id="Base_Column_List">
         `id` , `refund_sn` , `opt_action_name` , `opt_desc` , `opt_content` , `opt_content_pic` , `creator_id` , `creator_name` , `gmt_create` , `gmt_modified` , `opt_type` 
    </sql>

    <select id="selectByPrimaryKey" parameterType="java.lang.Long" resultMap="BaseResultMap">
        select
        <include refid="Base_Column_List" />
        from <include refid="table"/> 
        where
            `id` = #{id,jdbcType=BIGINT}
    </select>


    <delete id="deleteByPrimaryKey" parameterType="java.lang.Long">
        delete
        from <include refid="table"/>
        where
            `id` = #{id,jdbcType=BIGINT}
    </delete>

    <insert id="insertSelective" parameterType="com.xjmzstarauto.store.order.business.model.domain.OrderRefundRecordDO" useGeneratedKeys="true" keyProperty="id">
        insert into
        <include refid="table"/>
        <trim prefix="(" suffix=")" suffixOverrides=",">
            <if test="refundSn != null">
                `refund_sn`,
            </if>
            <if test="optActionName != null">
                `opt_action_name`,
            </if>
            <if test="optDesc != null">
                `opt_desc`,
            </if>
            <if test="optContent != null">
                `opt_content`,
            </if>
            <if test="optContentPic != null">
                `opt_content_pic`,
            </if>
            <if test="creatorId != null">
                `creator_id`,
            </if>
            <if test="creatorName != null">
                `creator_name`,
            </if>
            <if test="gmtCreate != null">
                `gmt_create`,
            </if>
            <if test="gmtModified != null">
                `gmt_modified`,
            </if>
            <if test="optType != null">
                `opt_type`,
            </if>
        </trim>
        <trim prefix="values (" suffix=")" suffixOverrides=",">
             <if test="refundSn != null">
                #{refundSn,jdbcType=VARCHAR},
             </if>
             <if test="optActionName != null">
                #{optActionName,jdbcType=VARCHAR},
             </if>
             <if test="optDesc != null">
                #{optDesc,jdbcType=VARCHAR},
             </if>
             <if test="optContent != null">
                #{optContent,jdbcType=VARCHAR},
             </if>
             <if test="optContentPic != null">
                #{optContentPic,jdbcType=VARCHAR},
             </if>
             <if test="creatorId != null">
                #{creatorId,jdbcType=VARCHAR},
             </if>
             <if test="creatorName != null">
                #{creatorName,jdbcType=VARCHAR},
             </if>
             <if test="gmtCreate != null">
                #{gmtCreate,jdbcType=TIMESTAMP},
             </if>
             <if test="gmtModified != null">
                #{gmtModified,jdbcType=TIMESTAMP},
             </if>
             <if test="optType != null">
                #{optType,jdbcType=INTEGER},
             </if>
        </trim>
    </insert>

    <update id="updateByPrimaryKeySelective" parameterType="com.xjmzstarauto.store.order.business.model.domain.OrderRefundRecordDO">
        update
        <include refid="table"/>
        <set>
            <if test="refundSn != null">
                `refund_sn` = #{refundSn,jdbcType=VARCHAR},
            </if>
            <if test="optActionName != null">
                `opt_action_name` = #{optActionName,jdbcType=VARCHAR},
            </if>
            <if test="optDesc != null">
                `opt_desc` = #{optDesc,jdbcType=VARCHAR},
            </if>
            <if test="optContent != null">
                `opt_content` = #{optContent,jdbcType=VARCHAR},
            </if>
            <if test="optContentPic != null">
                `opt_content_pic` = #{optContentPic,jdbcType=VARCHAR},
            </if>
            <if test="creatorId != null">
                `creator_id` = #{creatorId,jdbcType=VARCHAR},
            </if>
            <if test="creatorName != null">
                `creator_name` = #{creatorName,jdbcType=VARCHAR},
            </if>
            <if test="gmtCreate != null">
                `gmt_create` = #{gmtCreate,jdbcType=TIMESTAMP},
            </if>
            <if test="gmtModified != null">
                `gmt_modified` = #{gmtModified,jdbcType=TIMESTAMP},
            </if>
            <if test="optType != null">
                `opt_type` = #{optType,jdbcType=INTEGER},
            </if>
        </set>
        where
            `id` = #{id,jdbcType=BIGINT}
    </update>

    <select id="count" parameterType="com.xjmzstarauto.store.order.business.model.param.OrderRefundRecordQueryPARAM" resultType="java.lang.Integer">
        select count(1)
        from <include refid="table"/> 
        where <include refid="Base_Page_Where"/>
    </select>

    <select id="getList" parameterType="com.xjmzstarauto.store.order.business.model.param.OrderRefundRecordQueryPARAM" resultMap="BaseResultMap">
        select <include refid="Base_Column_List"/>
        from <include refid="table"/> 
        where <include refid="Base_Page_Where"/>
        order by `id` desc
    </select>

    <!-- 分页查询查询条件 -->
    <sql id="Base_Page_Where">
        1=1
        <if test=" param != null ">
            <if test=" param.id != null">
                and `id` = #{param.id}
            </if>
            <if test=" param.refundSn != null">
                and `refund_sn` = #{param.refundSn}
            </if>
            <if test=" param.refundSnLike != null">
                and `refund_sn` like concat ('%',#{param.refundSnLike},'%')
            </if>
            <if test=" param.optActionName != null">
                and `opt_action_name` = #{param.optActionName}
            </if>
            <if test=" param.optActionNameLike != null">
                and `opt_action_name` like concat ('%',#{param.optActionNameLike},'%')
            </if>
            <if test=" param.optDesc != null">
                and `opt_desc` = #{param.optDesc}
            </if>
            <if test=" param.optDescLike != null">
                and `opt_desc` like concat ('%',#{param.optDescLike},'%')
            </if>
            <if test=" param.optContent != null">
                and `opt_content` = #{param.optContent}
            </if>
            <if test=" param.optContentLike != null">
                and `opt_content` like concat ('%',#{param.optContentLike},'%')
            </if>
            <if test=" param.optContentPic != null">
                and `opt_content_pic` = #{param.optContentPic}
            </if>
            <if test=" param.optContentPicLike != null">
                and `opt_content_pic` like concat ('%',#{param.optContentPicLike},'%')
            </if>
            <if test=" param.creatorId != null">
                and `creator_id` = #{param.creatorId}
            </if>
            <if test=" param.creatorIdLike != null">
                and `creator_id` like concat ('%',#{param.creatorIdLike},'%')
            </if>
            <if test=" param.creatorName != null">
                and `creator_name` = #{param.creatorName}
            </if>
            <if test=" param.creatorNameLike != null">
                and `creator_name` like concat ('%',#{param.creatorNameLike},'%')
            </if>
            <if test=" param.gmtCreate != null">
                and `gmt_create` = #{param.gmtCreate}
            </if>
            <if test=" param.gmtCreateLte != null">
                and `gmt_create` &lt;= #{param.gmtCreateLte}
            </if>
            <if test=" param.gmtCreateLt != null">
                and `gmt_create` &lt; #{param.gmtCreateLt}
            </if>
            <if test=" param.gmtCreateGte != null">
                and `gmt_create` &gt;= #{param.gmtCreateGte}
            </if>
            <if test=" param.gmtCreateGt != null">
                and `gmt_create` &gt; #{param.gmtCreateGt}
            </if>
            <if test=" param.gmtModified != null">
                and `gmt_modified` = #{param.gmtModified}
            </if>
            <if test=" param.gmtModifiedLte != null">
                and `gmt_modified` &lt;= #{param.gmtModifiedLte}
            </if>
            <if test=" param.gmtModifiedLt != null">
                and `gmt_modified` &lt; #{param.gmtModifiedLt}
            </if>
            <if test=" param.gmtModifiedGte != null">
                and `gmt_modified` &gt;= #{param.gmtModifiedGte}
            </if>
            <if test=" param.gmtModifiedGt != null">
                and `gmt_modified` &gt; #{param.gmtModifiedGt}
            </if>
            <if test=" param.optType != null">
                and `opt_type` = #{param.optType}
            </if>
        </if>
    </sql>

</mapper>

