<?xml version="1.0" encoding="UTF-8"?>
<!DOCTYPE mapper PUBLIC "-//mybatis.org//DTD Mapper 3.0//EN" "http://mybatis.org/dtd/mybatis-3-mapper.dtd">
<mapper namespace="com.xjmzstarauto.store.order.business.mapper.OrderChildMapper">

    <sql id="table">`order_child`</sql>
    <resultMap id="BaseResultMap" type="com.xjmzstarauto.store.order.business.model.domain.OrderChildDO">
        <id column="id" jdbcType="BIGINT" property="id"/>
        <result column="order_id" jdbcType="BIGINT" property="orderId"/>
        <result column="order_sn" jdbcType="VARCHAR" property="orderSn"/>
        <result column="order_child_sn" jdbcType="VARCHAR" property="orderChildSn"/>
        <result column="status" jdbcType="INTEGER" property="status"/>
        <result column="user_id" jdbcType="VARCHAR" property="userId"/>
        <result column="user_name" jdbcType="VARCHAR" property="userName"/>
        <result column="item_id" jdbcType="INTEGER" property="itemId"/>
        <result column="item_name" jdbcType="VARCHAR" property="itemName"/>
        <result column="item_sku_id" jdbcType="INTEGER" property="itemSkuId"/>
        <result column="item_sku_desc" jdbcType="VARCHAR" property="itemSkuDesc"/>
        <result column="item_sku_code" jdbcType="VARCHAR" property="itemSkuCode"/>
        <result column="item_category_id" jdbcType="INTEGER" property="itemCategoryId"/>
        <result column="item_img" jdbcType="VARCHAR" property="itemImg"/>
        <result column="item_code" jdbcType="VARCHAR" property="itemCode"/>
        <result column="item_url" jdbcType="VARCHAR" property="itemUrl"/>
        <result column="item_data_ext_json" jdbcType="VARCHAR" property="itemDataExtJson"/>
        <result column="origin_points" jdbcType="INTEGER" property="originPoints"/>
        <result column="buy_count" jdbcType="INTEGER" property="buyCount"/>
        <result column="points" jdbcType="INTEGER" property="points"/>
        <result column="origin_price" jdbcType="DECIMAL" property="originPrice"/>
        <result column="price" jdbcType="DECIMAL" property="price"/>
        <result column="real_points" jdbcType="INTEGER" property="realPoints"/>
        <result column="express" jdbcType="VARCHAR" property="express"/>
        <result column="express_id" jdbcType="VARCHAR" property="expressId"/>
        <result column="express_record_time" jdbcType="TIMESTAMP" property="expressRecordTime"/>
        <result column="express_data_json" jdbcType="VARCHAR" property="expressDataJson"/>
        <result column="refund_sale_status" jdbcType="INTEGER" property="refundSaleStatus"/>
        <result column="refund_after_sale_exist" jdbcType="INTEGER" property="refundAfterSaleExist"/>
        <result column="refund_completed" jdbcType="INTEGER" property="refundCompleted"/>
        <result column="system_remark" jdbcType="VARCHAR" property="systemRemark"/>
        <result column="source" jdbcType="VARCHAR" property="source"/>
        <result column="stock_status" jdbcType="INTEGER" property="stockStatus"/>
        <result column="gmt_create" jdbcType="TIMESTAMP" property="gmtCreate"/>
        <result column="gmt_modified" jdbcType="TIMESTAMP" property="gmtModified"/>
    </resultMap>
    <sql id="Base_Column_List">
         orc.`id` , orc.`order_id` , orc.`order_sn` , orc.`order_child_sn` , orc.`status` , orc.`user_id` , orc.`user_name` , orc.`item_id` , orc.`item_name` , orc.`item_sku_id` , orc.`item_sku_desc` , orc.`item_sku_code` , orc.`item_category_id` , orc.`item_img` , orc.`item_code` , orc.`item_url` , orc.`item_data_ext_json` , orc.`origin_points` , orc.`buy_count` , orc.`points`  , orc.`origin_price` , orc.`price` , orc.`real_points` , orc.`express` , orc.`express_id` , orc.`express_record_time` , orc.`express_data_json` , orc.`refund_sale_status` , orc.`refund_after_sale_exist` , orc.`refund_completed` , orc.`system_remark` , orc.`source` , orc.`stock_status` , orc.`gmt_create` , orc.`gmt_modified`
    </sql>

    <select id="selectByPrimaryKey" parameterType="java.lang.Long" resultMap="BaseResultMap">
        select
        <include refid="Base_Column_List" />
        from <include refid="table"/> as orc
        where
            `id` = #{id,jdbcType=BIGINT}
    </select>


    <delete id="deleteByPrimaryKey" parameterType="java.lang.Long">
        delete
        from <include refid="table"/>
        where
            `id` = #{id,jdbcType=BIGINT}
    </delete>

    <insert id="insertSelective" parameterType="com.xjmzstarauto.store.order.business.model.domain.OrderChildDO" useGeneratedKeys="true" keyProperty="id">
        insert into
        <include refid="table"/>
        <trim prefix="(" suffix=")" suffixOverrides=",">
            <if test="orderId != null">
                `order_id`,
            </if>
            <if test="orderSn != null">
                `order_sn`,
            </if>
            <if test="orderChildSn != null">
                `order_child_sn`,
            </if>
            <if test="status != null">
                `status`,
            </if>
            <if test="userId != null">
                `user_id`,
            </if>
            <if test="userName != null">
                `user_name`,
            </if>
            <if test="itemId != null">
                `item_id`,
            </if>
            <if test="itemName != null">
                `item_name`,
            </if>
            <if test="itemSkuId != null">
                `item_sku_id`,
            </if>
            <if test="itemSkuDesc != null">
                `item_sku_desc`,
            </if>
            <if test="itemSkuCode != null">
                `item_sku_code`,
            </if>
            <if test="itemCategoryId != null">
                `item_category_id`,
            </if>
            <if test="itemImg != null">
                `item_img`,
            </if>
            <if test="itemCode != null">
                `item_code`,
            </if>
            <if test="itemUrl != null">
                `item_url`,
            </if>
            <if test="itemDataExtJson != null">
                `item_data_ext_json`,
            </if>
            <if test="originPoints != null">
                `origin_points`,
            </if>
            <if test="buyCount != null">
                `buy_count`,
            </if>
            <if test="points != null">
                `points`,
            </if>
            <if test="originPrice != null">
                `origin_price`,
            </if>
            <if test="price != null">
                `price`,
            </if>
            <if test="realPoints != null">
                `real_points`,
            </if>
            <if test="express != null">
                `express`,
            </if>
            <if test="expressId != null">
                `express_id`,
            </if>
            <if test="expressRecordTime != null">
                `express_record_time`,
            </if>
            <if test="expressDataJson != null">
                `express_data_json`,
            </if>
            <if test="refundSaleStatus != null">
                `refund_sale_status`,
            </if>
            <if test="refundAfterSaleExist != null">
                `refund_after_sale_exist`,
            </if>
            <if test="refundCompleted != null">
                `refund_completed`,
            </if>
            <if test="systemRemark != null">
                `system_remark`,
            </if>
            <if test="source != null">
                `source`,
            </if>
            <if test="stockStatus != null">
                `stock_status`,
            </if>
            <if test="gmtCreate != null">
                `gmt_create`,
            </if>
            <if test="gmtModified != null">
                `gmt_modified`,
            </if>
        </trim>
        <trim prefix="values (" suffix=")" suffixOverrides=",">
             <if test="orderId != null">
                #{orderId,jdbcType=BIGINT},
             </if>
             <if test="orderSn != null">
                #{orderSn,jdbcType=VARCHAR},
             </if>
             <if test="orderChildSn != null">
                #{orderChildSn,jdbcType=VARCHAR},
             </if>
             <if test="status != null">
                #{status,jdbcType=INTEGER},
             </if>
             <if test="userId != null">
                #{userId,jdbcType=VARCHAR},
             </if>
             <if test="userName != null">
                #{userName,jdbcType=VARCHAR},
             </if>
             <if test="itemId != null">
                #{itemId,jdbcType=INTEGER},
             </if>
             <if test="itemName != null">
                #{itemName,jdbcType=VARCHAR},
             </if>
             <if test="itemSkuId != null">
                #{itemSkuId,jdbcType=INTEGER},
             </if>
             <if test="itemSkuDesc != null">
                #{itemSkuDesc,jdbcType=VARCHAR},
             </if>
             <if test="itemSkuCode != null">
                #{itemSkuCode,jdbcType=VARCHAR},
             </if>
             <if test="itemCategoryId != null">
                #{itemCategoryId,jdbcType=INTEGER},
             </if>
             <if test="itemImg != null">
                #{itemImg,jdbcType=VARCHAR},
             </if>
             <if test="itemCode != null">
                #{itemCode,jdbcType=VARCHAR},
             </if>
             <if test="itemUrl != null">
                #{itemUrl,jdbcType=VARCHAR},
             </if>
             <if test="itemDataExtJson != null">
                #{itemDataExtJson,jdbcType=VARCHAR},
             </if>
             <if test="originPoints != null">
                #{originPoints,jdbcType=INTEGER},
             </if>
             <if test="buyCount != null">
                #{buyCount,jdbcType=INTEGER},
             </if>
             <if test="points != null">
                #{points,jdbcType=INTEGER},
             </if>
            <if test="originPrice != null">
                #{originPrice,jdbcType=DECIMAL},
            </if>
            <if test="price != null">
                #{price,jdbcType=DECIMAL},
            </if>
            <if test="realPoints != null">
                #{realPoints,jdbcType=INTEGER},
            </if>
             <if test="express != null">
                #{express,jdbcType=VARCHAR},
             </if>
             <if test="expressId != null">
                #{expressId,jdbcType=VARCHAR},
             </if>
             <if test="expressRecordTime != null">
                #{expressRecordTime,jdbcType=TIMESTAMP},
             </if>
             <if test="expressDataJson != null">
                #{expressDataJson,jdbcType=VARCHAR},
             </if>
             <if test="refundSaleStatus != null">
                #{refundSaleStatus,jdbcType=INTEGER},
             </if>
             <if test="refundAfterSaleExist != null">
                #{refundAfterSaleExist,jdbcType=INTEGER},
             </if>
             <if test="refundCompleted != null">
                #{refundCompleted,jdbcType=INTEGER},
             </if>
             <if test="systemRemark != null">
                #{systemRemark,jdbcType=VARCHAR},
             </if>
             <if test="source != null">
                #{source,jdbcType=VARCHAR},
             </if>
             <if test="stockStatus != null">
                #{stockStatus,jdbcType=INTEGER},
             </if>
             <if test="gmtCreate != null">
                #{gmtCreate,jdbcType=TIMESTAMP},
             </if>
             <if test="gmtModified != null">
                #{gmtModified,jdbcType=TIMESTAMP},
             </if>
        </trim>
    </insert>

    <update id="updateByPrimaryKeySelective" parameterType="com.xjmzstarauto.store.order.business.model.domain.OrderChildDO">
        update
        <include refid="table"/>
        <set>
            <if test="orderId != null">
                `order_id` = #{orderId,jdbcType=BIGINT},
            </if>
            <if test="orderSn != null">
                `order_sn` = #{orderSn,jdbcType=VARCHAR},
            </if>
            <if test="orderChildSn != null">
                `order_child_sn` = #{orderChildSn,jdbcType=VARCHAR},
            </if>
            <if test="status != null">
                `status` = #{status,jdbcType=INTEGER},
            </if>
            <if test="userId != null">
                `user_id` = #{userId,jdbcType=VARCHAR},
            </if>
            <if test="userName != null">
                `user_name` = #{userName,jdbcType=VARCHAR},
            </if>
            <if test="itemId != null">
                `item_id` = #{itemId,jdbcType=INTEGER},
            </if>
            <if test="itemName != null">
                `item_name` = #{itemName,jdbcType=VARCHAR},
            </if>
            <if test="itemSkuId != null">
                `item_sku_id` = #{itemSkuId,jdbcType=INTEGER},
            </if>
            <if test="itemSkuDesc != null">
                `item_sku_desc` = #{itemSkuDesc,jdbcType=VARCHAR},
            </if>
            <if test="itemSkuCode != null">
                `item_sku_code` = #{itemSkuCode,jdbcType=VARCHAR},
            </if>
            <if test="itemCategoryId != null">
                `item_category_id` = #{itemCategoryId,jdbcType=INTEGER},
            </if>
            <if test="itemImg != null">
                `item_img` = #{itemImg,jdbcType=VARCHAR},
            </if>
            <if test="itemCode != null">
                `item_code` = #{itemCode,jdbcType=VARCHAR},
            </if>
            <if test="itemUrl != null">
                `item_url` = #{itemUrl,jdbcType=VARCHAR},
            </if>
            <if test="itemDataExtJson != null">
                `item_data_ext_json` = #{itemDataExtJson,jdbcType=VARCHAR},
            </if>
            <if test="originPoints != null">
                `origin_points` = #{originPoints,jdbcType=INTEGER},
            </if>
            <if test="buyCount != null">
                `buy_count` = #{buyCount,jdbcType=INTEGER},
            </if>
            <if test="points != null">
                `points` = #{points,jdbcType=INTEGER},
            </if>
            <if test="originPrice != null">
                `origin_price` = #{originPrice,jdbcType=DECIMAL},
            </if>
            <if test="price != null">
                `price` = #{price,jdbcType=DECIMAL},
            </if>
            <if test="realPoints != null">
                `real_points` = #{realPoints,jdbcType=INTEGER},
            </if>
            <if test="express != null">
                `express` = #{express,jdbcType=VARCHAR},
            </if>
            <if test="expressId != null">
                `express_id` = #{expressId,jdbcType=VARCHAR},
            </if>
            <if test="expressRecordTime != null">
                `express_record_time` = #{expressRecordTime,jdbcType=TIMESTAMP},
            </if>
            <if test="expressDataJson != null">
                `express_data_json` = #{expressDataJson,jdbcType=VARCHAR},
            </if>
            <if test="refundSaleStatus != null">
                `refund_sale_status` = #{refundSaleStatus,jdbcType=INTEGER},
            </if>
            <if test="refundAfterSaleExist != null">
                `refund_after_sale_exist` = #{refundAfterSaleExist,jdbcType=INTEGER},
            </if>
            <if test="refundCompleted != null">
                `refund_completed` = #{refundCompleted,jdbcType=INTEGER},
            </if>
            <if test="systemRemark != null">
                `system_remark` = #{systemRemark,jdbcType=VARCHAR},
            </if>
            <if test="source != null">
                `source` = #{source,jdbcType=VARCHAR},
            </if>
            <if test="stockStatus != null">
                `stock_status` = #{stockStatus,jdbcType=INTEGER},
            </if>
            <if test="gmtCreate != null">
                `gmt_create` = #{gmtCreate,jdbcType=TIMESTAMP},
            </if>
            <if test="gmtModified != null">
                `gmt_modified` = #{gmtModified,jdbcType=TIMESTAMP},
            </if>
        </set>
        where
            `id` = #{id,jdbcType=BIGINT}
    </update>

    <select id="count" parameterType="com.xjmzstarauto.store.order.business.model.param.OrderChildQueryPARAM" resultType="java.lang.Integer">
        select count(1)
        from <include refid="table"/> as orc
        where <include refid="Base_Page_Where"/>
    </select>

    <select id="getList" parameterType="com.xjmzstarauto.store.order.business.model.param.OrderChildQueryPARAM" resultMap="BaseResultMap">
        select <include refid="Base_Column_List"/>
        from <include refid="table"/> as orc
        where <include refid="Base_Page_Where"/>
        order by orc.`id` desc
    </select>

    <!-- 分页查询查询条件 -->
    <sql id="Base_Page_Where">
        1=1
        <if test=" param != null ">
            <if test=" param.id != null">
                and orc.`id` = #{param.id}
            </if>
            <if test=" param.orderId != null">
                and orc.`order_id` = #{param.orderId}
            </if>
            <if test=" param.orderSn != null">
                and orc.`order_sn` = #{param.orderSn}
            </if>
            <if test=" param.orderSnLike != null">
                and orc.`order_sn` like concat ('%',#{param.orderSnLike},'%')
            </if>
            <if test=" param.orderSnList != null">
                and orc.`order_sn` IN
                <foreach collection="param.orderSnList" item="orderSn" separator="," open="(" close=")">
                    #{orderSn}
                </foreach>
            </if>
            <if test=" param.orderChildSn != null">
                and orc.`order_child_sn` = #{param.orderChildSn}
            </if>
            <if test=" param.orderChildSnLike != null">
                and orc.`order_child_sn` like concat ('%',#{param.orderChildSnLike},'%')
            </if>
            <if test=" param.status != null">
                and orc.`status` = #{param.status}
            </if>
            <if test=" param.userId != null">
                and orc.`user_id` = #{param.userId}
            </if>
            <if test=" param.userIdLike != null">
                and orc.`user_id` like concat ('%',#{param.userIdLike},'%')
            </if>
            <if test=" param.userName != null">
                and orc.`user_name` = #{param.userName}
            </if>
            <if test=" param.userNameLike != null">
                and orc.`user_name` like concat ('%',#{param.userNameLike},'%')
            </if>
            <if test=" param.itemId != null">
                and orc.`item_id` = #{param.itemId}
            </if>
            <if test=" param.itemName != null">
                and orc.`item_name` = #{param.itemName}
            </if>
            <if test=" param.itemNameLike != null">
                and orc.`item_name` like concat ('%',#{param.itemNameLike},'%')
            </if>
            <if test=" param.itemSkuId != null">
                and orc.`item_sku_id` = #{param.itemSkuId}
            </if>
            <if test=" param.itemSkuDesc != null">
                and orc.`item_sku_desc` = #{param.itemSkuDesc}
            </if>
            <if test=" param.itemSkuDescLike != null">
                and orc.`item_sku_desc` like concat ('%',#{param.itemSkuDescLike},'%')
            </if>
            <if test=" param.itemSkuCode != null">
                and orc.`item_sku_code` = #{param.itemSkuCode}
            </if>
            <if test=" param.itemSkuCodeLike != null">
                and orc.`item_sku_code` like concat ('%',#{param.itemSkuCodeLike},'%')
            </if>
            <if test=" param.itemCategoryId != null">
                and orc.`item_category_id` = #{param.itemCategoryId}
            </if>
            <if test=" param.itemImg != null">
                and orc.`item_img` = #{param.itemImg}
            </if>
            <if test=" param.itemImgLike != null">
                and orc.`item_img` like concat ('%',#{param.itemImgLike},'%')
            </if>
            <if test=" param.itemCode != null">
                and orc.`item_code` = #{param.itemCode}
            </if>
            <if test=" param.itemCodeLike != null">
                and orc.`item_code` like concat ('%',#{param.itemCodeLike},'%')
            </if>
            <if test=" param.itemUrl != null">
                and orc.`item_url` = #{param.itemUrl}
            </if>
            <if test=" param.itemUrlLike != null">
                and orc.`item_url` like concat ('%',#{param.itemUrlLike},'%')
            </if>
            <if test=" param.itemDataExtJson != null">
                and orc.`item_data_ext_json` = #{param.itemDataExtJson}
            </if>
            <if test=" param.itemDataExtJsonLike != null">
                and orc.`item_data_ext_json` like concat ('%',#{param.itemDataExtJsonLike},'%')
            </if>
            <if test=" param.originPoints != null">
                and orc.`origin_points` = #{param.originPoints}
            </if>
            <if test=" param.buyCount != null">
                and orc.`buy_count` = #{param.buyCount}
            </if>
            <if test=" param.points != null">
                and orc.`points` = #{param.points}
            </if>
            <if test=" param.originPrice != null">
                and orc.`origin_price` = #{param.originPrice}
            </if>
            <if test=" param.price != null">
                and orc.`price` = #{param.price}
            </if>
            <if test=" param.realPoints != null">
                and orc.`real_points` = #{param.realPoints}
            </if>
            <if test=" param.express != null">
                and orc.`express` = #{param.express}
            </if>
            <if test=" param.expressLike != null">
                and orc.`express` like concat ('%',#{param.expressLike},'%')
            </if>
            <if test=" param.expressId != null">
                and orc.`express_id` = #{param.expressId}
            </if>
            <if test=" param.expressIdLike != null">
                and orc.`express_id` like concat ('%',#{param.expressIdLike},'%')
            </if>
            <if test=" param.expressRecordTime != null">
                and orc.`express_record_time` = #{param.expressRecordTime}
            </if>
            <if test=" param.expressRecordTimeLte != null">
                and orc.`express_record_time` &lt;= #{param.expressRecordTimeLte}
            </if>
            <if test=" param.expressRecordTimeLt != null">
                and orc.`express_record_time` &lt; #{param.expressRecordTimeLt}
            </if>
            <if test=" param.expressRecordTimeGte != null">
                and orc.`express_record_time` &gt;= #{param.expressRecordTimeGte}
            </if>
            <if test=" param.expressRecordTimeGt != null">
                and orc.`express_record_time` &gt; #{param.expressRecordTimeGt}
            </if>
            <if test=" param.expressDataJson != null">
                and orc.`express_data_json` = #{param.expressDataJson}
            </if>
            <if test=" param.expressDataJsonLike != null">
                and orc.`express_data_json` like concat ('%',#{param.expressDataJsonLike},'%')
            </if>
            <if test=" param.refundSaleStatus != null">
                and orc.`refund_sale_status` = #{param.refundSaleStatus}
            </if>
            <if test=" param.refundAfterSaleExist != null">
                and orc.`refund_after_sale_exist` = #{param.refundAfterSaleExist}
            </if>
            <if test=" param.refundCompleted != null">
                and orc.`refund_completed` = #{param.refundCompleted}
            </if>
            <if test=" param.systemRemark != null">
                and orc.`system_remark` = #{param.systemRemark}
            </if>
            <if test=" param.systemRemarkLike != null">
                and orc.`system_remark` like concat ('%',#{param.systemRemarkLike},'%')
            </if>
            <if test=" param.source != null">
                and orc.`source` = #{param.source}
            </if>
            <if test=" param.sourceLike != null">
                and orc.`source` like concat ('%',#{param.sourceLike},'%')
            </if>
            <if test=" param.stockStatus != null">
                and orc.`stock_status` = #{param.stockStatus}
            </if>
            <if test=" param.gmtCreate != null">
                and orc.`gmt_create` = #{param.gmtCreate}
            </if>
            <if test=" param.gmtCreateLte != null">
                and orc.`gmt_create` &lt;= #{param.gmtCreateLte}
            </if>
            <if test=" param.gmtCreateLt != null">
                and orc.`gmt_create` &lt; #{param.gmtCreateLt}
            </if>
            <if test=" param.gmtCreateGte != null">
                and orc.`gmt_create` &gt;= #{param.gmtCreateGte}
            </if>
            <if test=" param.gmtCreateGt != null">
                and orc.`gmt_create` &gt; #{param.gmtCreateGt}
            </if>
            <if test=" param.gmtModified != null">
                and orc.`gmt_modified` = #{param.gmtModified}
            </if>
            <if test=" param.gmtModifiedLte != null">
                and orc.`gmt_modified` &lt;= #{param.gmtModifiedLte}
            </if>
            <if test=" param.gmtModifiedLt != null">
                and orc.`gmt_modified` &lt; #{param.gmtModifiedLt}
            </if>
            <if test=" param.gmtModifiedGte != null">
                and orc.`gmt_modified` &gt;= #{param.gmtModifiedGte}
            </if>
            <if test=" param.gmtModifiedGt != null">
                and orc.`gmt_modified` &gt; #{param.gmtModifiedGt}
            </if>
        </if>
    </sql>

</mapper>

