<?xml version="1.0" encoding="UTF-8"?>
<!DOCTYPE mapper PUBLIC "-//mybatis.org//DTD Mapper 3.0//EN" "http://mybatis.org/dtd/mybatis-3-mapper.dtd">
<mapper namespace="com.xjmzstarauto.store.order.business.mapper.OrderMapper">

    <sql id="table">`order`</sql>
    <resultMap id="BaseResultMap" type="com.xjmzstarauto.store.order.business.model.domain.OrderDO">
        <id column="id" jdbcType="BIGINT" property="id"/>
        <result column="order_sn" jdbcType="VARCHAR" property="orderSn"/>
        <result column="user_id" jdbcType="VARCHAR" property="userId"/>
        <result column="user_name" jdbcType="VARCHAR" property="userName"/>
        <result column="points" jdbcType="INTEGER" property="points"/>
        <result column="status" jdbcType="INTEGER" property="status"/>
        <result column="pay_time" jdbcType="TIMESTAMP" property="payTime"/>
        <result column="pay_serial_no" jdbcType="VARCHAR" property="paySerialNo"/>
        <result column="pay_third_party_trade_no" jdbcType="VARCHAR" property="payThirdPartyTradeNo"/>
        <result column="receiver_id" jdbcType="BIGINT" property="receiverId"/>
        <result column="receiver_province_id" jdbcType="BIGINT" property="receiverProvinceId"/>
        <result column="receiver_city_id" jdbcType="BIGINT" property="receiverCityId"/>
        <result column="receiver_area_id" jdbcType="BIGINT" property="receiverAreaId"/>
        <result column="receiver_street_id" jdbcType="BIGINT" property="receiverStreetId"/>
        <result column="receiver_address" jdbcType="VARCHAR" property="receiverAddress"/>
        <result column="receiver_detail_address" jdbcType="VARCHAR" property="receiverDetailAddress"/>
        <result column="receiver_zipcode" jdbcType="VARCHAR" property="receiverZipcode"/>
        <result column="receiver_tel" jdbcType="VARCHAR" property="receiverTel"/>
        <result column="receiver_name" jdbcType="VARCHAR" property="receiverName"/>
        <result column="source" jdbcType="VARCHAR" property="source"/>
        <result column="user_remark" jdbcType="VARCHAR" property="userRemark"/>
        <result column="admin_remark" jdbcType="VARCHAR" property="adminRemark"/>
        <result column="system_remark" jdbcType="VARCHAR" property="systemRemark"/>
        <result column="refund_sale_status" jdbcType="INTEGER" property="refundSaleStatus"/>
        <result column="refund_after_sale_exist" jdbcType="INTEGER" property="refundAfterSaleExist"/>
        <result column="express_time" jdbcType="TIMESTAMP" property="expressTime"/>
        <result column="finish_time" jdbcType="TIMESTAMP" property="finishTime"/>
        <result column="stock_status" jdbcType="INTEGER" property="stockStatus"/>
        <result column="next_time" jdbcType="TIMESTAMP" property="nextTime"/>
        <result column="gmt_create" jdbcType="TIMESTAMP" property="gmtCreate"/>
        <result column="gmt_modified" jdbcType="TIMESTAMP" property="gmtModified"/>
    </resultMap>
    <sql id="Base_Column_List">
         ord.`id` , ord.`order_sn` , ord.`user_id` , ord.`user_name` , ord.`points` , ord.`status` , ord.`pay_time` , ord.`pay_serial_no` , ord.`pay_third_party_trade_no` , ord.`receiver_id` , ord.`receiver_province_id` , ord.`receiver_city_id` , ord.`receiver_area_id` , ord.`receiver_street_id` , ord.`receiver_address` , ord.`receiver_detail_address` , ord.`receiver_zipcode` , ord.`receiver_tel` , ord.`receiver_name` , ord.`source` , ord.`user_remark` , ord.`admin_remark` , ord.`system_remark` , ord.`refund_sale_status` , ord.`refund_after_sale_exist` , ord.`express_time` , ord.`finish_time` , ord.`stock_status` , ord.`next_time` , ord.`gmt_create` , ord.`gmt_modified`
    </sql>

    <select id="selectByPrimaryKey" parameterType="java.lang.Long" resultMap="BaseResultMap">
        select
        <include refid="Base_Column_List" />
        from <include refid="table"/> as ord
        where
            `id` = #{id,jdbcType=BIGINT}
    </select>


    <delete id="deleteByPrimaryKey" parameterType="java.lang.Long">
        delete
        from <include refid="table"/>
        where
            `id` = #{id,jdbcType=BIGINT}
    </delete>

    <insert id="insertSelective" parameterType="com.xjmzstarauto.store.order.business.model.domain.OrderDO" useGeneratedKeys="true" keyProperty="id">
        insert into
        <include refid="table"/>
        <trim prefix="(" suffix=")" suffixOverrides=",">
            <if test="orderSn != null">
                `order_sn`,
            </if>
            <if test="userId != null">
                `user_id`,
            </if>
            <if test="userName != null">
                `user_name`,
            </if>
            <if test="points != null">
                `points`,
            </if>
            <if test="status != null">
                `status`,
            </if>
            <if test="payTime != null">
                `pay_time`,
            </if>
            <if test="paySerialNo != null">
                `pay_serial_no`,
            </if>
            <if test="payThirdPartyTradeNo != null">
                `pay_third_party_trade_no`,
            </if>
            <if test="receiverId != null">
                `receiver_id`,
            </if>
            <if test="receiverProvinceId != null">
                `receiver_province_id`,
            </if>
            <if test="receiverCityId != null">
                `receiver_city_id`,
            </if>
            <if test="receiverAreaId != null">
                `receiver_area_id`,
            </if>
            <if test="receiverStreetId != null">
                `receiver_street_id`,
            </if>
            <if test="receiverAddress != null">
                `receiver_address`,
            </if>
            <if test="receiverDetailAddress != null">
                `receiver_detail_address`,
            </if>
            <if test="receiverZipcode != null">
                `receiver_zipcode`,
            </if>
            <if test="receiverTel != null">
                `receiver_tel`,
            </if>
            <if test="receiverName != null">
                `receiver_name`,
            </if>
            <if test="source != null">
                `source`,
            </if>
            <if test="userRemark != null">
                `user_remark`,
            </if>
            <if test="adminRemark != null">
                `admin_remark`,
            </if>
            <if test="systemRemark != null">
                `system_remark`,
            </if>
            <if test="refundSaleStatus != null">
                `refund_sale_status`,
            </if>
            <if test="refundAfterSaleExist != null">
                `refund_after_sale_exist`,
            </if>
            <if test="expressTime != null">
                `express_time`,
            </if>
            <if test="finishTime != null">
                `finish_time`,
            </if>
            <if test="stockStatus != null">
                `stock_status`,
            </if>
            <if test="nextTime != null">
                `next_time`,
            </if>
            <if test="gmtCreate != null">
                `gmt_create`,
            </if>
            <if test="gmtModified != null">
                `gmt_modified`,
            </if>
        </trim>
        <trim prefix="values (" suffix=")" suffixOverrides=",">
             <if test="orderSn != null">
                #{orderSn,jdbcType=VARCHAR},
             </if>
             <if test="userId != null">
                #{userId,jdbcType=VARCHAR},
             </if>
             <if test="userName != null">
                #{userName,jdbcType=VARCHAR},
             </if>
             <if test="points != null">
                #{points,jdbcType=INTEGER},
             </if>
             <if test="status != null">
                #{status,jdbcType=INTEGER},
             </if>
             <if test="payTime != null">
                #{payTime,jdbcType=TIMESTAMP},
             </if>
             <if test="paySerialNo != null">
                #{paySerialNo,jdbcType=VARCHAR},
             </if>
             <if test="payThirdPartyTradeNo != null">
                #{payThirdPartyTradeNo,jdbcType=VARCHAR},
             </if>
             <if test="receiverId != null">
                #{receiverId,jdbcType=BIGINT},
             </if>
             <if test="receiverProvinceId != null">
                #{receiverProvinceId,jdbcType=BIGINT},
             </if>
             <if test="receiverCityId != null">
                #{receiverCityId,jdbcType=BIGINT},
             </if>
             <if test="receiverAreaId != null">
                #{receiverAreaId,jdbcType=BIGINT},
             </if>
             <if test="receiverStreetId != null">
                #{receiverStreetId,jdbcType=BIGINT},
             </if>
             <if test="receiverAddress != null">
                #{receiverAddress,jdbcType=VARCHAR},
             </if>
             <if test="receiverDetailAddress != null">
                #{receiverDetailAddress,jdbcType=VARCHAR},
             </if>
             <if test="receiverZipcode != null">
                #{receiverZipcode,jdbcType=VARCHAR},
             </if>
             <if test="receiverTel != null">
                #{receiverTel,jdbcType=VARCHAR},
             </if>
             <if test="receiverName != null">
                #{receiverName,jdbcType=VARCHAR},
             </if>
             <if test="source != null">
                #{source,jdbcType=VARCHAR},
             </if>
             <if test="userRemark != null">
                #{userRemark,jdbcType=VARCHAR},
             </if>
             <if test="adminRemark != null">
                #{adminRemark,jdbcType=VARCHAR},
             </if>
             <if test="systemRemark != null">
                #{systemRemark,jdbcType=VARCHAR},
             </if>
             <if test="refundSaleStatus != null">
                #{refundSaleStatus,jdbcType=INTEGER},
             </if>
             <if test="refundAfterSaleExist != null">
                #{refundAfterSaleExist,jdbcType=INTEGER},
             </if>
             <if test="expressTime != null">
                #{expressTime,jdbcType=TIMESTAMP},
             </if>
             <if test="finishTime != null">
                #{finishTime,jdbcType=TIMESTAMP},
             </if>
             <if test="stockStatus != null">
                #{stockStatus,jdbcType=INTEGER},
             </if>
            <if test="nextTime != null">
                #{nextTime,jdbcType=TIMESTAMP},
            </if>
             <if test="gmtCreate != null">
                #{gmtCreate,jdbcType=TIMESTAMP},
             </if>
             <if test="gmtModified != null">
                #{gmtModified,jdbcType=TIMESTAMP},
             </if>
        </trim>
    </insert>

    <update id="updateByPrimaryKeySelective" parameterType="com.xjmzstarauto.store.order.business.model.domain.OrderDO">
        update
        <include refid="table"/>
        <set>
            <if test="orderSn != null">
                `order_sn` = #{orderSn,jdbcType=VARCHAR},
            </if>
            <if test="userId != null">
                `user_id` = #{userId,jdbcType=VARCHAR},
            </if>
            <if test="userName != null">
                `user_name` = #{userName,jdbcType=VARCHAR},
            </if>
            <if test="points != null">
                `points` = #{points,jdbcType=INTEGER},
            </if>
            <if test="status != null">
                `status` = #{status,jdbcType=INTEGER},
            </if>
            <if test="payTime != null">
                `pay_time` = #{payTime,jdbcType=TIMESTAMP},
            </if>
            <if test="paySerialNo != null">
                `pay_serial_no` = #{paySerialNo,jdbcType=VARCHAR},
            </if>
            <if test="payThirdPartyTradeNo != null">
                `pay_third_party_trade_no` = #{payThirdPartyTradeNo,jdbcType=VARCHAR},
            </if>
            <if test="receiverId != null">
                `receiver_id` = #{receiverId,jdbcType=BIGINT},
            </if>
            <if test="receiverProvinceId != null">
                `receiver_province_id` = #{receiverProvinceId,jdbcType=BIGINT},
            </if>
            <if test="receiverCityId != null">
                `receiver_city_id` = #{receiverCityId,jdbcType=BIGINT},
            </if>
            <if test="receiverAreaId != null">
                `receiver_area_id` = #{receiverAreaId,jdbcType=BIGINT},
            </if>
            <if test="receiverStreetId != null">
                `receiver_street_id` = #{receiverStreetId,jdbcType=BIGINT},
            </if>
            <if test="receiverAddress != null">
                `receiver_address` = #{receiverAddress,jdbcType=VARCHAR},
            </if>
            <if test="receiverDetailAddress != null">
                `receiver_detail_address` = #{receiverDetailAddress,jdbcType=VARCHAR},
            </if>
            <if test="receiverZipcode != null">
                `receiver_zipcode` = #{receiverZipcode,jdbcType=VARCHAR},
            </if>
            <if test="receiverTel != null">
                `receiver_tel` = #{receiverTel,jdbcType=VARCHAR},
            </if>
            <if test="receiverName != null">
                `receiver_name` = #{receiverName,jdbcType=VARCHAR},
            </if>
            <if test="source != null">
                `source` = #{source,jdbcType=VARCHAR},
            </if>
            <if test="userRemark != null">
                `user_remark` = #{userRemark,jdbcType=VARCHAR},
            </if>
            <if test="adminRemark != null">
                `admin_remark` = #{adminRemark,jdbcType=VARCHAR},
            </if>
            <if test="systemRemark != null">
                `system_remark` = #{systemRemark,jdbcType=VARCHAR},
            </if>
            <if test="refundSaleStatus != null">
                `refund_sale_status` = #{refundSaleStatus,jdbcType=INTEGER},
            </if>
            <if test="refundAfterSaleExist != null">
                `refund_after_sale_exist` = #{refundAfterSaleExist,jdbcType=INTEGER},
            </if>
            <if test="expressTime != null">
                `express_time` = #{expressTime,jdbcType=TIMESTAMP},
            </if>
            <if test="finishTime != null">
                `finish_time` = #{finishTime,jdbcType=TIMESTAMP},
            </if>
            <if test="stockStatus != null">
                `stock_status` = #{stockStatus,jdbcType=INTEGER},
            </if>
            <if test="nextTime != null">
                `next_time` = #{nextTime,jdbcType=TIMESTAMP},
            </if>
            <if test="gmtCreate != null">
                `gmt_create` = #{gmtCreate,jdbcType=TIMESTAMP},
            </if>
            <if test="gmtModified != null">
                `gmt_modified` = #{gmtModified,jdbcType=TIMESTAMP},
            </if>
        </set>
        where
            `id` = #{id,jdbcType=BIGINT}
    </update>

    <select id="count" parameterType="com.xjmzstarauto.store.order.business.model.param.OrderQueryPARAM" resultType="java.lang.Integer">
        select count(1)
        from <include refid="table"/> as ord
        <if test=" param.itemId != null || param.itemSkuId != null">
            left join `order_child` as orc on ord.id  = orc.`order_id`
        </if>
        <if test=" param.refundAfterSaleStatus != null">
            left join `order_refund` as orr on ord.id = orr.`order_id` and orr.type = 2 and orr.status = #{param.refundAfterSaleStatus}
        </if>
        where <include refid="Base_Page_Where"/>
    </select>

    <select id="getOrderSnList" parameterType="com.xjmzstarauto.store.order.business.model.param.OrderQueryPARAM" resultMap="BaseResultMap">
        select DISTINCT ord.`order_sn`
        from <include refid="table"/> as ord
        <if test=" param.itemId != null || param.itemSkuId != null">
            left join `order_child` as orc on ord.id  = orc.`order_id`
        </if>
        <if test=" param.refundAfterSaleStatus != null">
            left join `order_refund` as orr on ord.id = orr.`order_id` and orr.type = 2 and orr.status = #{param.refundAfterSaleStatus}
        </if>
        where <include refid="Base_Page_Where"/>
        order by ord.`gmt_create` desc
    </select>

    <select id="getList" parameterType="com.xjmzstarauto.store.order.business.model.param.OrderQueryPARAM" resultMap="BaseResultMap">
        select <include refid="Base_Column_List"/>
        from <include refid="table"/> as ord
        <if test=" param.itemId != null || param.itemSkuId != null">
            left join `order_child` as orc on ord.id  = orc.`order_id`
        </if>
        <if test=" param.refundAfterSaleStatus != null">
            left join `order_refund` as orr on ord.id = orr.`order_id` and orr.type = 2 and orr.status = #{param.refundAfterSaleStatus}
        </if>
        where <include refid="Base_Page_Where"/>
        order by ord.`gmt_create` desc
    </select>

    <!-- 分页查询查询条件 -->
    <sql id="Base_Page_Where">
        1=1
        <if test=" param != null ">
            <if test=" param.id != null">
                and ord.`id` = #{param.id}
            </if>
            <if test=" param.orderSn != null">
                and ord.`order_sn` = #{param.orderSn}
            </if>
            <if test=" param.orderSnLike != null">
                and ord.`order_sn` like concat ('%',#{param.orderSnLike},'%')
            </if>
            <if test=" param.orderSnList != null">
                and ord.`order_sn` IN
                <foreach collection="param.orderSnList" item="orderSn" separator="," open="(" close=")">
                    #{orderSn}
                </foreach>
            </if>
            <if test=" param.userId != null">
                and ord.`user_id` = #{param.userId}
            </if>
            <if test=" param.userIdLike != null">
                and ord.`user_id` like concat ('%',#{param.userIdLike},'%')
            </if>
            <if test=" param.userName != null">
                and ord.`user_name` = #{param.userName}
            </if>
            <if test=" param.userNameLike != null">
                and ord.`user_name` like concat (#{param.userNameLike},'%')
            </if>
            <if test=" param.points != null">
                and ord.`points` = #{param.points}
            </if>
            <if test=" param.status != null">
                and ord.`status` = #{param.status}
            </if>
            <if test=" param.payTime != null">
                and ord.`pay_time` = #{param.payTime}
            </if>
            <if test=" param.payTimeLte != null">
                and ord.`pay_time` &lt;= #{param.payTimeLte}
            </if>
            <if test=" param.payTimeLt != null">
                and ord.`pay_time` &lt; #{param.payTimeLt}
            </if>
            <if test=" param.payTimeGte != null">
                and ord.`pay_time` &gt;= #{param.payTimeGte}
            </if>
            <if test=" param.payTimeGt != null">
                and ord.`pay_time` &gt; #{param.payTimeGt}
            </if>
            <if test=" param.paySerialNo != null">
                and ord.`pay_serial_no` = #{param.paySerialNo}
            </if>
            <if test=" param.paySerialNoLike != null">
                and ord.`pay_serial_no` like concat ('%',#{param.paySerialNoLike},'%')
            </if>
            <if test=" param.payThirdPartyTradeNo != null">
                and ord.`pay_third_party_trade_no` = #{param.payThirdPartyTradeNo}
            </if>
            <if test=" param.payThirdPartyTradeNoLike != null">
                and ord.`pay_third_party_trade_no` like concat ('%',#{param.payThirdPartyTradeNoLike},'%')
            </if>
            <if test=" param.receiverId != null">
                and ord.`receiver_id` = #{param.receiverId}
            </if>
            <if test=" param.receiverProvinceId != null">
                and ord.`receiver_province_id` = #{param.receiverProvinceId}
            </if>
            <if test=" param.receiverCityId != null">
                and ord.`receiver_city_id` = #{param.receiverCityId}
            </if>
            <if test=" param.receiverAreaId != null">
                and ord.`receiver_area_id` = #{param.receiverAreaId}
            </if>
            <if test=" param.receiverStreetId != null">
                and ord.`receiver_street_id` = #{param.receiverStreetId}
            </if>
            <if test=" param.receiverAddress != null">
                and ord.`receiver_address` = #{param.receiverAddress}
            </if>
            <if test=" param.receiverDetailAddress != null">
                and ord.`receiver_detail_address` = #{param.receiverDetailAddress}
            </if>
            <if test=" param.receiverZipcode != null">
                and ord.`receiver_zipcode` = #{param.receiverZipcode}
            </if>
            <if test=" param.receiverTel != null">
                and ord.`receiver_tel` = #{param.receiverTel}
            </if>
            <if test=" param.receiverName != null">
                and ord.`receiver_name` = #{param.receiverName}
            </if>
            <if test=" param.source != null">
                and ord.`source` = #{param.source}
            </if>
            <if test=" param.sourceLike != null">
                and ord.`source` like concat ('%',#{param.sourceLike},'%')
            </if>
            <if test=" param.userRemark != null">
                and ord.`user_remark` = #{param.userRemark}
            </if>
            <if test=" param.userRemarkLike != null">
                and ord.`user_remark` like concat ('%',#{param.userRemarkLike},'%')
            </if>
            <if test=" param.adminRemark != null">
                and ord.`admin_remark` = #{param.adminRemark}
            </if>
            <if test=" param.adminRemarkLike != null">
                and ord.`admin_remark` like concat ('%',#{param.adminRemarkLike},'%')
            </if>
            <if test=" param.systemRemark != null">
                and ord.`system_remark` = #{param.systemRemark}
            </if>
            <if test=" param.systemRemarkLike != null">
                and ord.`system_remark` like concat ('%',#{param.systemRemarkLike},'%')
            </if>
            <if test=" param.refundSaleStatus != null">
                and ord.`refund_sale_status` = #{param.refundSaleStatus}
            </if>
            <if test=" param.refundSaleStatusList != null">
                and ord.`refund_sale_status` IN
                <foreach collection="param.refundSaleStatusList" item="refundSaleStatus" separator="," open="(" close=")">
                    #{refundSaleStatus}
                </foreach>
            </if>
            <if test=" param.refundAfterSaleExist != null">
                and ord.`refund_after_sale_exist` = #{param.refundAfterSaleExist}
            </if>
            <if test=" param.expressTime != null">
                and ord.`express_time` = #{param.expressTime}
            </if>
            <if test=" param.expressTimeLte != null">
                and ord.`express_time` &lt;= #{param.expressTimeLte}
            </if>
            <if test=" param.expressTimeLt != null">
                and ord.`express_time` &lt; #{param.expressTimeLt}
            </if>
            <if test=" param.expressTimeGte != null">
                and ord.`express_time` &gt;= #{param.expressTimeGte}
            </if>
            <if test=" param.expressTimeGt != null">
                and ord.`express_time` &gt; #{param.expressTimeGt}
            </if>
            <if test=" param.finishTime != null">
                and ord.`finish_time` = #{param.finishTime}
            </if>
            <if test=" param.finishTimeLte != null">
                and ord.`finish_time` &lt;= #{param.finishTimeLte}
            </if>
            <if test=" param.finishTimeLt != null">
                and ord.`finish_time` &lt; #{param.finishTimeLt}
            </if>
            <if test=" param.finishTimeGte != null">
                and ord.`finish_time` &gt;= #{param.finishTimeGte}
            </if>
            <if test=" param.finishTimeGt != null">
                and ord.`finish_time` &gt; #{param.finishTimeGt}
            </if>
            <if test=" param.stockStatus != null">
                and ord.`stock_status` = #{param.stockStatus}
            </if>
            <if test=" param.nextTime != null">
                and ord.`next_time` = #{param.nextTime}
            </if>
            <if test=" param.nextTimeLte != null">
                and ord.`next_time` &lt;= #{param.nextTimeLte}
            </if>
            <if test=" param.nextTimeLt != null">
                and ord.`next_time` &lt; #{param.nextTimeLt}
            </if>
            <if test=" param.nextTimeGte != null">
                and ord.`next_time` &gt;= #{param.nextTimeGte}
            </if>
            <if test=" param.nextTimeGt != null">
                and ord.`next_time` &gt; #{param.nextTimeGt}
            </if>
            <if test=" param.gmtCreate != null">
                and ord.`gmt_create` = #{param.gmtCreate}
            </if>
            <if test=" param.gmtCreateLte != null">
                and ord.`gmt_create` &lt;= #{param.gmtCreateLte}
            </if>
            <if test=" param.gmtCreateLt != null">
                and ord.`gmt_create` &lt; #{param.gmtCreateLt}
            </if>
            <if test=" param.gmtCreateGte != null">
                and ord.`gmt_create` &gt;= #{param.gmtCreateGte}
            </if>
            <if test=" param.gmtCreateGt != null">
                and ord.`gmt_create` &gt; #{param.gmtCreateGt}
            </if>
            <if test=" param.gmtModified != null">
                and ord.`gmt_modified` = #{param.gmtModified}
            </if>
            <if test=" param.gmtModifiedLte != null">
                and ord.`gmt_modified` &lt;= #{param.gmtModifiedLte}
            </if>
            <if test=" param.gmtModifiedLt != null">
                and ord.`gmt_modified` &lt; #{param.gmtModifiedLt}
            </if>
            <if test=" param.gmtModifiedGte != null">
                and ord.`gmt_modified` &gt;= #{param.gmtModifiedGte}
            </if>
            <if test=" param.gmtModifiedGt != null">
                and ord.`gmt_modified` &gt; #{param.gmtModifiedGt}
            </if>

            <if test=" param.statusList != null">
                and ord.`status` IN
                <foreach collection="param.statusList" item="status" separator="," open="(" close=")">
                    #{status}
                </foreach>
            </if>
            <if test=" param.notStatusList != null">
                and ord.`status` NOT IN
                <foreach collection="param.notStatusList" item="status" separator="," open="(" close=")">
                    #{status}
                </foreach>
            </if>
            <if test=" param.notStatus != null">
                and ord.`status` != #{param.notStatus}
            </if>
            <if test=" param.itemId != null">
                and orc.`item_id` = #{param.itemId}
            </if>
            <if test=" param.itemSkuId != null">
                and orc.`item_sku_id` = #{param.itemSkuId}
            </if>
            <if test=" param.hasRefund != null">
                <if test=" param.hasRefund">
                    <include refid="Base_Page_Where_Has_Refund"/>
                </if>
                <if test=" !param.hasRefund">
                    <include refid="Base_Page_Where_Not_Has_Refund"/>
                </if>
            </if>
            <if test=" param.orderShowType != null">
                <choose>
                    <when test="param.orderShowType == 0">
                        <!-- 全部 value=0 -->
                        and ord.`status` != 8
                    </when>
                    <when test="param.orderShowType == 1">
                        <!-- 待付款 value=1 -->
                        and ord.`status` = 0
                    </when>
                    <when test="param.orderShowType == 2">
                        <!-- 待发货 value=2 -->
                        and ord.`status` = 1
                        and ord.`refund_sale_status` in (0,6)
                    </when>
                    <when test="param.orderShowType == 3">
                        <!-- 待收货 value=3 -->
                        and ord.`status` IN (2,3)
                    </when>
                    <when test="param.orderShowType == 4">
                        <!-- 交易完成 value=4 -->
                        and ord.`status` = 4
                        <include refid="Base_Page_Where_Not_Has_Refund"/>
                    </when>
                    <when test="param.orderShowType == 5">
                        <!-- 已取消/退款/售后 value=5 -->
                        and
                        (
                            ord.`status` in (5,6,7)
                            or ( ord.`status` = 1 and ord.`refund_sale_status` not in (0,6) )
                            or (
                                ord.`status` != 8
                                <include refid="Base_Page_Where_Has_Refund"/>
                            )
                        )
                    </when>
                    <otherwise>
                    </otherwise>
                </choose>
            </if>
            <if test=" param.orderShowAdminType != null">
                <choose>
                    <when test="param.orderShowAdminType == 0">
                        <!-- 全部 value=0 -->
                    </when>
                    <when test="param.orderShowAdminType == 1">
                        <!-- 待付款 value=1 -->
                        and ord.`status` = 0
                    </when>
                    <when test="param.orderShowAdminType == 2">
                        <!-- 待发货 value=2 -->
                        and ord.`status` = 1
                        and ord.`refund_sale_status` in (0,6)
                    </when>
                    <when test="param.orderShowAdminType == 3">
                        <!-- 发货前退款 value=3 -->
                        and ord.`status` = 1
                        and ord.`refund_sale_status` in (1,2,3,4,5,7)
                    </when>
                    <when test="param.orderShowAdminType == 4">
                        <!-- 已发货未签收 value=4 -->
                        and ord.`status` = 3
                    </when>
                    <when test="param.orderShowAdminType == 5">
                        <!-- 退货中 value=5 -->
                        and ord.`status` = 4
                        and ord.`refund_after_sale_exist` = 1
                    </when>
                    <when test="param.orderShowAdminType == 6">
                        <!-- 交易完成 value=6 -->
                        and ord.`status` = 4
                        and ord.`refund_after_sale_exist` in ( 0 , 2 )
                    </when>
                    <when test="param.orderShowAdminType == 7">
                        <!-- 取消交易 value=7 -->
                        and ord.`status` in (5,6,7,8)
                    </when>
                </choose>
            </if>
            <if test=" param.refundAfterSaleStatus != null">
                and orr.status = #{param.refundAfterSaleStatus}
            </if>
        </if>
    </sql>


    <!-- 查询带有退款单的数据 -->
    <sql id="Base_Page_Where_Has_Refund">
        and (
            (ord.`status` in (2,3) and ord.refund_sale_status != 0 )
            or ( ord.`status` = 4 and ord.`refund_after_sale_exist` in ( 1, 2) )
        )
    </sql>

    <!-- 查询不带有退款单的数据 -->
    <sql id="Base_Page_Where_Not_Has_Refund">
        and !(
            (ord.`status` in (2,3) and ord.refund_sale_status != 0 )
            or ( ord.`status` = 4 and ord.`refund_after_sale_exist` in ( 1, 2) )
        )
    </sql>

</mapper>

