<?xml version="1.0" encoding="UTF-8"?>
<!DOCTYPE mapper PUBLIC "-//mybatis.org//DTD Mapper 3.0//EN" "http://mybatis.org/dtd/mybatis-3-mapper.dtd">
<mapper namespace="com.xjmzstarauto.store.order.business.mapper.OrderRefundMapper">

    <sql id="table">`order_refund`</sql>
    <resultMap id="BaseResultMap" type="com.xjmzstarauto.store.order.business.model.domain.OrderRefundDO">
        <id column="id" jdbcType="BIGINT" property="id"/>
        <result column="refund_sn" jdbcType="VARCHAR" property="refundSn"/>
        <result column="order_id" jdbcType="BIGINT" property="orderId"/>
        <result column="order_sn" jdbcType="VARCHAR" property="orderSn"/>
        <result column="order_child_id" jdbcType="BIGINT" property="orderChildId"/>
        <result column="order_child_sn" jdbcType="VARCHAR" property="orderChildSn"/>
        <result column="pay_serial_no" jdbcType="VARCHAR" property="paySerialNo"/>
        <result column="refund_serial_no" jdbcType="VARCHAR" property="refundSerialNo"/>
        <result column="type" jdbcType="INTEGER" property="type"/>
        <result column="status" jdbcType="INTEGER" property="status"/>
        <result column="order_user_id" jdbcType="VARCHAR" property="orderUserId"/>
        <result column="order_user_name" jdbcType="VARCHAR" property="orderUserName"/>
        <result column="order_points" jdbcType="INTEGER" property="orderPoints"/>
        <result column="refund_points" jdbcType="INTEGER" property="refundPoints"/>
        <result column="refund_agree_send_time" jdbcType="TIMESTAMP" property="refundAgreeSendTime"/>
        <result column="refund_sending_time" jdbcType="TIMESTAMP" property="refundSendingTime"/>
        <result column="refund_agree_time" jdbcType="TIMESTAMP" property="refundAgreeTime"/>
        <result column="refund_compled_time" jdbcType="TIMESTAMP" property="refundCompledTime"/>
        <result column="user_remark" jdbcType="VARCHAR" property="userRemark"/>
        <result column="user_remark_detail" jdbcType="VARCHAR" property="userRemarkDetail"/>
        <result column="admin_remark" jdbcType="VARCHAR" property="adminRemark"/>
        <result column="system_remark" jdbcType="VARCHAR" property="systemRemark"/>
        <result column="refund_cause" jdbcType="VARCHAR" property="refundCause"/>
        <result column="refund_count" jdbcType="INTEGER" property="refundCount"/>
        <result column="refund_proof" jdbcType="VARCHAR" property="refundProof"/>
        <result column="express" jdbcType="VARCHAR" property="express"/>
        <result column="express_id" jdbcType="VARCHAR" property="expressId"/>
        <result column="express_address" jdbcType="VARCHAR" property="expressAddress"/>
        <result column="express_desc" jdbcType="VARCHAR" property="expressDesc"/>
        <result column="gmt_create" jdbcType="TIMESTAMP" property="gmtCreate"/>
        <result column="gmt_modified" jdbcType="TIMESTAMP" property="gmtModified"/>
    </resultMap>
    <sql id="Base_Column_List">
         orr.`id` , orr.`refund_sn` , orr.`order_id` , orr.`order_sn` , orr.`order_child_id` , orr.`order_child_sn` , orr.`pay_serial_no` , orr.`refund_serial_no` , orr.`type` , orr.`status` , orr.`order_user_id` , orr.`order_user_name` , orr.`order_points` , orr.`refund_points` , orr.`refund_agree_send_time` , orr.`refund_sending_time` , orr.`refund_agree_time` , orr.`refund_compled_time` , orr.`user_remark` , orr.`user_remark_detail` , orr.`admin_remark` , orr.`system_remark` , orr.`refund_cause` , orr.`refund_count` , orr.`refund_proof` , orr.`express` , orr.`express_id` , orr.`express_address` , orr.`express_desc` , orr.`gmt_create` , orr.`gmt_modified` 
    </sql>

    <select id="selectByPrimaryKey" parameterType="java.lang.Long" resultMap="BaseResultMap">
        select
        <include refid="Base_Column_List" />
        from <include refid="table"/> as orr
        where
            `id` = #{id,jdbcType=BIGINT}
    </select>


    <delete id="deleteByPrimaryKey" parameterType="java.lang.Long">
        delete
        from <include refid="table"/>
        where
            `id` = #{id,jdbcType=BIGINT}
    </delete>

    <insert id="insertSelective" parameterType="com.xjmzstarauto.store.order.business.model.domain.OrderRefundDO" useGeneratedKeys="true" keyProperty="id">
        insert into
        <include refid="table"/>
        <trim prefix="(" suffix=")" suffixOverrides=",">
            <if test="refundSn != null">
                `refund_sn`,
            </if>
            <if test="orderId != null">
                `order_id`,
            </if>
            <if test="orderSn != null">
                `order_sn`,
            </if>
            <if test="orderChildId != null">
                `order_child_id`,
            </if>
            <if test="orderChildSn != null">
                `order_child_sn`,
            </if>
            <if test="paySerialNo != null">
                `pay_serial_no`,
            </if>
            <if test="refundSerialNo != null">
                `refund_serial_no`,
            </if>
            <if test="type != null">
                `type`,
            </if>
            <if test="status != null">
                `status`,
            </if>
            <if test="orderUserId != null">
                `order_user_id`,
            </if>
            <if test="orderUserName != null">
                `order_user_name`,
            </if>
            <if test="orderPoints != null">
                `order_points`,
            </if>
            <if test="refundPoints != null">
                `refund_points`,
            </if>
            <if test="refundAgreeSendTime != null">
                `refund_agree_send_time`,
            </if>
            <if test="refundSendingTime != null">
                `refund_sending_time`,
            </if>
            <if test="refundAgreeTime != null">
                `refund_agree_time`,
            </if>
            <if test="refundCompledTime != null">
                `refund_compled_time`,
            </if>
            <if test="userRemark != null">
                `user_remark`,
            </if>
            <if test="userRemarkDetail != null">
                `user_remark_detail`,
            </if>
            <if test="adminRemark != null">
                `admin_remark`,
            </if>
            <if test="systemRemark != null">
                `system_remark`,
            </if>
            <if test="refundCause != null">
                `refund_cause`,
            </if>
            <if test="refundCount != null">
                `refund_count`,
            </if>
            <if test="refundProof != null">
                `refund_proof`,
            </if>
            <if test="express != null">
                `express`,
            </if>
            <if test="expressId != null">
                `express_id`,
            </if>
            <if test="expressAddress != null">
                `express_address`,
            </if>
            <if test="expressDesc != null">
                `express_desc`,
            </if>
            <if test="gmtCreate != null">
                `gmt_create`,
            </if>
            <if test="gmtModified != null">
                `gmt_modified`,
            </if>
        </trim>
        <trim prefix="values (" suffix=")" suffixOverrides=",">
             <if test="refundSn != null">
                #{refundSn,jdbcType=VARCHAR},
             </if>
             <if test="orderId != null">
                #{orderId,jdbcType=BIGINT},
             </if>
             <if test="orderSn != null">
                #{orderSn,jdbcType=VARCHAR},
             </if>
             <if test="orderChildId != null">
                #{orderChildId,jdbcType=BIGINT},
             </if>
             <if test="orderChildSn != null">
                #{orderChildSn,jdbcType=VARCHAR},
             </if>
             <if test="paySerialNo != null">
                #{paySerialNo,jdbcType=VARCHAR},
             </if>
             <if test="refundSerialNo != null">
                #{refundSerialNo,jdbcType=VARCHAR},
             </if>
             <if test="type != null">
                #{type,jdbcType=INTEGER},
             </if>
             <if test="status != null">
                #{status,jdbcType=INTEGER},
             </if>
             <if test="orderUserId != null">
                #{orderUserId,jdbcType=VARCHAR},
             </if>
             <if test="orderUserName != null">
                #{orderUserName,jdbcType=VARCHAR},
             </if>
             <if test="orderPoints != null">
                #{orderPoints,jdbcType=INTEGER},
             </if>
             <if test="refundPoints != null">
                #{refundPoints,jdbcType=INTEGER},
             </if>
             <if test="refundAgreeSendTime != null">
                #{refundAgreeSendTime,jdbcType=TIMESTAMP},
             </if>
             <if test="refundSendingTime != null">
                #{refundSendingTime,jdbcType=TIMESTAMP},
             </if>
             <if test="refundAgreeTime != null">
                #{refundAgreeTime,jdbcType=TIMESTAMP},
             </if>
             <if test="refundCompledTime != null">
                #{refundCompledTime,jdbcType=TIMESTAMP},
             </if>
             <if test="userRemark != null">
                #{userRemark,jdbcType=VARCHAR},
             </if>
             <if test="userRemarkDetail != null">
                #{userRemarkDetail,jdbcType=VARCHAR},
             </if>
             <if test="adminRemark != null">
                #{adminRemark,jdbcType=VARCHAR},
             </if>
             <if test="systemRemark != null">
                #{systemRemark,jdbcType=VARCHAR},
             </if>
             <if test="refundCause != null">
                #{refundCause,jdbcType=VARCHAR},
             </if>
             <if test="refundCount != null">
                #{refundCount,jdbcType=INTEGER},
             </if>
             <if test="refundProof != null">
                #{refundProof,jdbcType=VARCHAR},
             </if>
             <if test="express != null">
                #{express,jdbcType=VARCHAR},
             </if>
             <if test="expressId != null">
                #{expressId,jdbcType=VARCHAR},
             </if>
             <if test="expressAddress != null">
                #{expressAddress,jdbcType=VARCHAR},
             </if>
             <if test="expressDesc != null">
                #{expressDesc,jdbcType=VARCHAR},
             </if>
             <if test="gmtCreate != null">
                #{gmtCreate,jdbcType=TIMESTAMP},
             </if>
             <if test="gmtModified != null">
                #{gmtModified,jdbcType=TIMESTAMP},
             </if>
        </trim>
    </insert>

    <update id="updateByPrimaryKeySelective" parameterType="com.xjmzstarauto.store.order.business.model.domain.OrderRefundDO">
        update
        <include refid="table"/>
        <set>
            <if test="refundSn != null">
                `refund_sn` = #{refundSn,jdbcType=VARCHAR},
            </if>
            <if test="orderId != null">
                `order_id` = #{orderId,jdbcType=BIGINT},
            </if>
            <if test="orderSn != null">
                `order_sn` = #{orderSn,jdbcType=VARCHAR},
            </if>
            <if test="orderChildId != null">
                `order_child_id` = #{orderChildId,jdbcType=BIGINT},
            </if>
            <if test="orderChildSn != null">
                `order_child_sn` = #{orderChildSn,jdbcType=VARCHAR},
            </if>
            <if test="paySerialNo != null">
                `pay_serial_no` = #{paySerialNo,jdbcType=VARCHAR},
            </if>
            <if test="refundSerialNo != null">
                `refund_serial_no` = #{refundSerialNo,jdbcType=VARCHAR},
            </if>
            <if test="type != null">
                `type` = #{type,jdbcType=INTEGER},
            </if>
            <if test="status != null">
                `status` = #{status,jdbcType=INTEGER},
            </if>
            <if test="orderUserId != null">
                `order_user_id` = #{orderUserId,jdbcType=VARCHAR},
            </if>
            <if test="orderUserName != null">
                `order_user_name` = #{orderUserName,jdbcType=VARCHAR},
            </if>
            <if test="orderPoints != null">
                `order_points` = #{orderPoints,jdbcType=INTEGER},
            </if>
            <if test="refundPoints != null">
                `refund_points` = #{refundPoints,jdbcType=INTEGER},
            </if>
            <if test="refundAgreeSendTime != null">
                `refund_agree_send_time` = #{refundAgreeSendTime,jdbcType=TIMESTAMP},
            </if>
            <if test="refundSendingTime != null">
                `refund_sending_time` = #{refundSendingTime,jdbcType=TIMESTAMP},
            </if>
            <if test="refundAgreeTime != null">
                `refund_agree_time` = #{refundAgreeTime,jdbcType=TIMESTAMP},
            </if>
            <if test="refundCompledTime != null">
                `refund_compled_time` = #{refundCompledTime,jdbcType=TIMESTAMP},
            </if>
            <if test="userRemark != null">
                `user_remark` = #{userRemark,jdbcType=VARCHAR},
            </if>
            <if test="userRemarkDetail != null">
                `user_remark_detail` = #{userRemarkDetail,jdbcType=VARCHAR},
            </if>
            <if test="adminRemark != null">
                `admin_remark` = #{adminRemark,jdbcType=VARCHAR},
            </if>
            <if test="systemRemark != null">
                `system_remark` = #{systemRemark,jdbcType=VARCHAR},
            </if>
            <if test="refundCause != null">
                `refund_cause` = #{refundCause,jdbcType=VARCHAR},
            </if>
            <if test="refundCount != null">
                `refund_count` = #{refundCount,jdbcType=INTEGER},
            </if>
            <if test="refundProof != null">
                `refund_proof` = #{refundProof,jdbcType=VARCHAR},
            </if>
            <if test="express != null">
                `express` = #{express,jdbcType=VARCHAR},
            </if>
            <if test="expressId != null">
                `express_id` = #{expressId,jdbcType=VARCHAR},
            </if>
            <if test="expressAddress != null">
                `express_address` = #{expressAddress,jdbcType=VARCHAR},
            </if>
            <if test="expressDesc != null">
                `express_desc` = #{expressDesc,jdbcType=VARCHAR},
            </if>
            <if test="gmtCreate != null">
                `gmt_create` = #{gmtCreate,jdbcType=TIMESTAMP},
            </if>
            <if test="gmtModified != null">
                `gmt_modified` = #{gmtModified,jdbcType=TIMESTAMP},
            </if>
        </set>
        where
            `id` = #{id,jdbcType=BIGINT}
    </update>

    <select id="count" parameterType="com.xjmzstarauto.store.order.business.model.param.OrderRefundQueryPARAM" resultType="java.lang.Integer">
        select count(1)
        from <include refid="table"/> as orr
        where <include refid="Base_Page_Where"/>
    </select>

    <select id="getList" parameterType="com.xjmzstarauto.store.order.business.model.param.OrderRefundQueryPARAM" resultMap="BaseResultMap">
        select <include refid="Base_Column_List"/>
        from <include refid="table"/> as orr
        where <include refid="Base_Page_Where"/>
        order by orr.`gmt_create` desc
    </select>

    <!-- 分页查询查询条件 -->
    <sql id="Base_Page_Where">
        1=1
        <if test=" param != null ">
            <if test=" param.id != null">
                and orr.`id` = #{param.id}
            </if>
            <if test=" param.refundSn != null">
                and orr.`refund_sn` = #{param.refundSn}
            </if>
            <if test=" param.refundSnLike != null">
                and orr.`refund_sn` like concat ('%',#{param.refundSnLike},'%')
            </if>
            <if test=" param.refundSnList != null">
                and orr.`refund_sn` IN
                <foreach collection="param.refundSnList" item="refundSn" separator="," open="(" close=")">
                    #{refundSn}
                </foreach>
            </if>
            <if test=" param.orderId != null">
                and orr.`order_id` = #{param.orderId}
            </if>
            <if test=" param.orderSn != null">
                and orr.`order_sn` = #{param.orderSn}
            </if>
            <if test=" param.orderSnLike != null">
                and orr.`order_sn` like concat ('%',#{param.orderSnLike},'%')
            </if>
            <if test=" param.orderChildId != null">
                and orr.`order_child_id` = #{param.orderChildId}
            </if>
            <if test=" param.orderSnList != null">
                and orr.`order_sn` IN
                <foreach collection="param.orderSnList" item="orderSn" separator="," open="(" close=")">
                    #{orderSn}
                </foreach>
            </if>
            <if test=" param.orderChildSn != null">
                and orr.`order_child_sn` = #{param.orderChildSn}
            </if>
            <if test=" param.orderChildSnLike != null">
                and orr.`order_child_sn` like concat ('%',#{param.orderChildSnLike},'%')
            </if>
            <if test=" param.paySerialNo != null">
                and orr.`pay_serial_no` = #{param.paySerialNo}
            </if>
            <if test=" param.paySerialNoLike != null">
                and orr.`pay_serial_no` like concat ('%',#{param.paySerialNoLike},'%')
            </if>
            <if test=" param.refundSerialNo != null">
                and orr.`refund_serial_no` = #{param.refundSerialNo}
            </if>
            <if test=" param.refundSerialNoLike != null">
                and orr.`refund_serial_no` like concat ('%',#{param.refundSerialNoLike},'%')
            </if>
            <if test=" param.type != null">
                and orr.`type` = #{param.type}
            </if>
            <if test=" param.status != null">
                and orr.`status` = #{param.status}
            </if>
            <if test=" param.statusList != null">
                and orr.`status` IN
                <foreach collection="param.statusList" item="status" separator="," open="(" close=")">
                    #{status}
                </foreach>
            </if>
            <if test=" param.orderUserId != null">
                and orr.`order_user_id` = #{param.orderUserId}
            </if>
            <if test=" param.orderUserIdLike != null">
                and orr.`order_user_id` like concat ('%',#{param.orderUserIdLike},'%')
            </if>
            <if test=" param.orderUserName != null">
                and orr.`order_user_name` = #{param.orderUserName}
            </if>
            <if test=" param.orderUserNameLike != null">
                and orr.`order_user_name` like concat ('%',#{param.orderUserNameLike},'%')
            </if>
            <if test=" param.orderPoints != null">
                and orr.`order_points` = #{param.orderPoints}
            </if>
            <if test=" param.refundPoints != null">
                and orr.`refund_points` = #{param.refundPoints}
            </if>
            <if test=" param.refundAgreeSendTime != null">
                and orr.`refund_agree_send_time` = #{param.refundAgreeSendTime}
            </if>
            <if test=" param.refundAgreeSendTimeLte != null">
                and orr.`refund_agree_send_time` &lt;= #{param.refundAgreeSendTimeLte}
            </if>
            <if test=" param.refundAgreeSendTimeLt != null">
                and orr.`refund_agree_send_time` &lt; #{param.refundAgreeSendTimeLt}
            </if>
            <if test=" param.refundAgreeSendTimeGte != null">
                and orr.`refund_agree_send_time` &gt;= #{param.refundAgreeSendTimeGte}
            </if>
            <if test=" param.refundAgreeSendTimeGt != null">
                and orr.`refund_agree_send_time` &gt; #{param.refundAgreeSendTimeGt}
            </if>
            <if test=" param.refundSendingTime != null">
                and orr.`refund_sending_time` = #{param.refundSendingTime}
            </if>
            <if test=" param.refundSendingTimeLte != null">
                and orr.`refund_sending_time` &lt;= #{param.refundSendingTimeLte}
            </if>
            <if test=" param.refundSendingTimeLt != null">
                and orr.`refund_sending_time` &lt; #{param.refundSendingTimeLt}
            </if>
            <if test=" param.refundSendingTimeGte != null">
                and orr.`refund_sending_time` &gt;= #{param.refundSendingTimeGte}
            </if>
            <if test=" param.refundSendingTimeGt != null">
                and orr.`refund_sending_time` &gt; #{param.refundSendingTimeGt}
            </if>
            <if test=" param.refundAgreeTime != null">
                and orr.`refund_agree_time` = #{param.refundAgreeTime}
            </if>
            <if test=" param.refundAgreeTimeLte != null">
                and orr.`refund_agree_time` &lt;= #{param.refundAgreeTimeLte}
            </if>
            <if test=" param.refundAgreeTimeLt != null">
                and orr.`refund_agree_time` &lt; #{param.refundAgreeTimeLt}
            </if>
            <if test=" param.refundAgreeTimeGte != null">
                and orr.`refund_agree_time` &gt;= #{param.refundAgreeTimeGte}
            </if>
            <if test=" param.refundAgreeTimeGt != null">
                and orr.`refund_agree_time` &gt; #{param.refundAgreeTimeGt}
            </if>
            <if test=" param.refundCompledTime != null">
                and orr.`refund_compled_time` = #{param.refundCompledTime}
            </if>
            <if test=" param.refundCompledTimeLte != null">
                and orr.`refund_compled_time` &lt;= #{param.refundCompledTimeLte}
            </if>
            <if test=" param.refundCompledTimeLt != null">
                and orr.`refund_compled_time` &lt; #{param.refundCompledTimeLt}
            </if>
            <if test=" param.refundCompledTimeGte != null">
                and orr.`refund_compled_time` &gt;= #{param.refundCompledTimeGte}
            </if>
            <if test=" param.refundCompledTimeGt != null">
                and orr.`refund_compled_time` &gt; #{param.refundCompledTimeGt}
            </if>
            <if test=" param.userRemark != null">
                and orr.`user_remark` = #{param.userRemark}
            </if>
            <if test=" param.userRemarkLike != null">
                and orr.`user_remark` like concat ('%',#{param.userRemarkLike},'%')
            </if>
            <if test=" param.userRemarkDetail != null">
                and orr.`user_remark_detail` = #{param.userRemarkDetail}
            </if>
            <if test=" param.userRemarkDetailLike != null">
                and orr.`user_remark_detail` like concat ('%',#{param.userRemarkDetailLike},'%')
            </if>
            <if test=" param.adminRemark != null">
                and orr.`admin_remark` = #{param.adminRemark}
            </if>
            <if test=" param.adminRemarkLike != null">
                and orr.`admin_remark` like concat ('%',#{param.adminRemarkLike},'%')
            </if>
            <if test=" param.systemRemark != null">
                and orr.`system_remark` = #{param.systemRemark}
            </if>
            <if test=" param.systemRemarkLike != null">
                and orr.`system_remark` like concat ('%',#{param.systemRemarkLike},'%')
            </if>
            <if test=" param.refundCause != null">
                and orr.`refund_cause` = #{param.refundCause}
            </if>
            <if test=" param.refundCauseLike != null">
                and orr.`refund_cause` like concat ('%',#{param.refundCauseLike},'%')
            </if>
            <if test=" param.refundCount != null">
                and orr.`refund_count` = #{param.refundCount}
            </if>
            <if test=" param.refundProof != null">
                and orr.`refund_proof` = #{param.refundProof}
            </if>
            <if test=" param.refundProofLike != null">
                and orr.`refund_proof` like concat ('%',#{param.refundProofLike},'%')
            </if>
            <if test=" param.express != null">
                and orr.`express` = #{param.express}
            </if>
            <if test=" param.expressLike != null">
                and orr.`express` like concat ('%',#{param.expressLike},'%')
            </if>
            <if test=" param.expressId != null">
                and orr.`express_id` = #{param.expressId}
            </if>
            <if test=" param.expressIdLike != null">
                and orr.`express_id` like concat ('%',#{param.expressIdLike},'%')
            </if>
            <if test=" param.expressAddress != null">
                and orr.`express_address` = #{param.expressAddress}
            </if>
            <if test=" param.expressAddressLike != null">
                and orr.`express_address` like concat ('%',#{param.expressAddressLike},'%')
            </if>
            <if test=" param.expressDesc != null">
                and orr.`express_desc` = #{param.expressDesc}
            </if>
            <if test=" param.expressDescLike != null">
                and orr.`express_desc` like concat ('%',#{param.expressDescLike},'%')
            </if>
            <if test=" param.gmtCreate != null">
                and orr.`gmt_create` = #{param.gmtCreate}
            </if>
            <if test=" param.gmtCreateLte != null">
                and orr.`gmt_create` &lt;= #{param.gmtCreateLte}
            </if>
            <if test=" param.gmtCreateLt != null">
                and orr.`gmt_create` &lt; #{param.gmtCreateLt}
            </if>
            <if test=" param.gmtCreateGte != null">
                and orr.`gmt_create` &gt;= #{param.gmtCreateGte}
            </if>
            <if test=" param.gmtCreateGt != null">
                and orr.`gmt_create` &gt; #{param.gmtCreateGt}
            </if>
            <if test=" param.gmtModified != null">
                and orr.`gmt_modified` = #{param.gmtModified}
            </if>
            <if test=" param.gmtModifiedLte != null">
                and orr.`gmt_modified` &lt;= #{param.gmtModifiedLte}
            </if>
            <if test=" param.gmtModifiedLt != null">
                and orr.`gmt_modified` &lt; #{param.gmtModifiedLt}
            </if>
            <if test=" param.gmtModifiedGte != null">
                and orr.`gmt_modified` &gt;= #{param.gmtModifiedGte}
            </if>
            <if test=" param.gmtModifiedGt != null">
                and orr.`gmt_modified` &gt; #{param.gmtModifiedGt}
            </if>
        </if>
    </sql>

</mapper>

