<?xml version="1.0" encoding="UTF-8"?>
<!DOCTYPE mapper
        PUBLIC "-//mybatis.org//DTD Mapper 3.0//EN"
        "http://mybatis.org/dtd/mybatis-3-mapper.dtd">
<mapper namespace="com.flyme.xjsd.cloud.dao.mapper.ImageInfoMapper">

    <resultMap id="BaseResultMap" type="com.flyme.xjsd.cloud.dao.entity.ImageInfo">
            <id property="id" column="id" jdbcType="BIGINT"/>
            <result property="url" column="url" jdbcType="VARCHAR"/>
            <result property="type" column="type" jdbcType="VARCHAR"/>
        <result property="fileName" column="file_name" jdbcType="VARCHAR" />
        <result property="fileSuffix" column="file_suffix" jdbcType="VARCHAR"/>
        <result property="bosKey" column="bos_key" jdbcType="VARCHAR"/>
            <result property="createdBy" column="created_by" jdbcType="VARCHAR"/>
            <result property="updatedBy" column="updated_by" jdbcType="VARCHAR"/>
            <result property="delFlag" column="del_flag" jdbcType="INTEGER"/>
            <result property="createdTime" column="created_time" jdbcType="TIMESTAMP"/>
            <result property="updatedTime" column="updated_time" jdbcType="TIMESTAMP"/>
    </resultMap>

    <sql id="Base_Column_List">
        id,url,type,
        created_by,updated_by,del_flag,
        created_time,updated_time
    </sql>
</mapper>
