<?xml version="1.0" encoding="UTF-8"?>
<!DOCTYPE mapper
        PUBLIC "-//mybatis.org//DTD Mapper 3.0//EN"
        "http://mybatis.org/dtd/mybatis-3-mapper.dtd">
<mapper namespace="com.flyme.xjsd.cloud.dao.mapper.VehicleConfigurationVersionMapper">

    <resultMap id="BaseResultMap" type="com.flyme.xjsd.cloud.dao.entity.VehicleConfigurationVersion">
            <id property="id" column="id" jdbcType="BIGINT"/>
            <result property="configId" column="config_id" jdbcType="BIGINT"/>
            <result property="verion" column="verion" jdbcType="VARCHAR"/>
            <result property="status" column="status" jdbcType="VARCHAR"/>
            <result property="beginTime" column="begin_time" jdbcType="TIMESTAMP"/>
            <result property="endTime" column="end_time" jdbcType="TIMESTAMP"/>
            <result property="stockFlag" column="stock_flag" jdbcType="VARCHAR"/>
            <result property="createdBy" column="created_by" jdbcType="VARCHAR"/>
            <result property="updatedBy" column="updated_by" jdbcType="VARCHAR"/>
            <result property="delFlag" column="del_flag" jdbcType="INTEGER"/>
            <result property="createdTime" column="created_time" jdbcType="TIMESTAMP"/>
            <result property="updatedTime" column="updated_time" jdbcType="TIMESTAMP"/>
    </resultMap>

    <sql id="Base_Column_List">
        id,config_id,verion,
        status,begin_time,end_time,
        stock_flag,created_by,updated_by,
        del_flag,created_time,updated_time
    </sql>
</mapper>
