<?xml version="1.0" encoding="UTF-8"?>
<!DOCTYPE mapper
        PUBLIC "-//mybatis.org//DTD Mapper 3.0//EN"
        "http://mybatis.org/dtd/mybatis-3-mapper.dtd">
<mapper namespace="com.flyme.xjsd.cloud.dao.mapper.VehicleBaseInfoMapper">

    <resultMap id="BaseResultMap" type="com.flyme.xjsd.cloud.dao.entity.VehicleBaseInfo">
            <id property="id" column="id" jdbcType="BIGINT"/>
            <result property="carSeriesCode" column="car_series_code" jdbcType="VARCHAR"/>
            <result property="carModelCode" column="car_model_code" jdbcType="VARCHAR"/>
            <result property="brand" column="brand" jdbcType="VARCHAR"/>
            <result property="status" column="status" jdbcType="VARCHAR"/>
        <result property="beginTime" column="begin_time" jdbcType="TIMESTAMP" />
        <result property="endTime" column="end_time" jdbcType="TIMESTAMP" />
            <result property="carSeries" column="car_series" jdbcType="VARCHAR"/>
            <result property="carModel" column="car_model" jdbcType="VARCHAR"/>
            <result property="basePrice" column="base_price" jdbcType="DECIMAL"/>
            <result property="showPrice" column="show_price" jdbcType="DECIMAL"/>
            <result property="downPayment" column="down_payment" jdbcType="DECIMAL"/>
            <result property="deposit" column="deposit" jdbcType="DECIMAL"/>
            <result property="showImageIds" column="show_image_ids" jdbcType="VARCHAR"/>
            <result property="description" column="description" jdbcType="VARCHAR"/>
            <result property="voltage" column="voltage" jdbcType="INTEGER"/>
            <result property="endurance" column="endurance" jdbcType="INTEGER"/>
            <result property="power" column="power" jdbcType="INTEGER"/>
            <result property="createdBy" column="created_by" jdbcType="VARCHAR"/>
            <result property="updatedBy" column="updated_by" jdbcType="VARCHAR"/>
            <result property="delFlag" column="del_flag" jdbcType="INTEGER"/>
            <result property="createdTime" column="created_time" jdbcType="TIMESTAMP"/>
            <result property="updatedTime" column="updated_time" jdbcType="TIMESTAMP"/>
    </resultMap>

    <sql id="Base_Column_List">
        id,car_model_code,brand,car_series_code,status,begin_time,end_time,
        car_series,car_model,base_price,
        show_price,down_payment,deposit,
        show_image_ids,description,voltage,
        endurance,power,created_by,
        updated_by,del_flag,created_time,
        updated_time
    </sql>
</mapper>
