<?xml version="1.0" encoding="UTF-8"?>
<!DOCTYPE mapper
        PUBLIC "-//mybatis.org//DTD Mapper 3.0//EN"
        "http://mybatis.org/dtd/mybatis-3-mapper.dtd">
<mapper namespace="com.flyme.xjsd.cloud.dao.mapper.VehicleFeatureInfoMapper">

    <resultMap id="BaseResultMap" type="com.flyme.xjsd.cloud.dao.entity.VehicleFeatureInfo">
            <id property="id" column="id" jdbcType="BIGINT"/>
            <result property="code" column="code" jdbcType="VARCHAR"/>
            <result property="vehicleId" column="vehicle_id" jdbcType="BIGINT"/>
            <result property="familyId" column="family_id" jdbcType="BIGINT"/>
            <result property="featureName" column="feature_name" jdbcType="VARCHAR"/>
            <result property="deliveryMinTime" column="delivery_min_time" jdbcType="INTEGER"/>
            <result property="deliveryMaxTime" column="delivery_max_time" jdbcType="INTEGER"/>
            <result property="actualPrice" column="actual_price" jdbcType="DECIMAL"/>
            <result property="showActualPrice" column="show_actual_price" jdbcType="DECIMAL"/>
            <result property="imageIds" column="image_ids" jdbcType="VARCHAR"/>
            <result property="detailText" column="detail_text" jdbcType="VARCHAR"/>
            <result property="relationShip" column="relation_ship" jdbcType="VARCHAR"/>
            <result property="status" column="status" jdbcType="VARCHAR"/>
            <result property="description" column="description" jdbcType="VARCHAR"/>
            <result property="createdBy" column="created_by" jdbcType="VARCHAR"/>
            <result property="updatedBy" column="updated_by" jdbcType="VARCHAR"/>
            <result property="delFlag" column="del_flag" jdbcType="INTEGER"/>
            <result property="createdTime" column="created_time" jdbcType="TIMESTAMP"/>
            <result property="updatedTime" column="updated_time" jdbcType="TIMESTAMP"/>
        <result property="ext" column="ext" jdbcType="VARCHAR"/>
    </resultMap>

    <sql id="Base_Column_List">
        id,code,vehicle_id,
        family_id,feature_name,delivery_min_time,
        delivery_max_time,actual_price,show_actual_price,
        image_ids,detail_text,relation_ship,
        status,description,created_by,
        updated_by,del_flag,created_time,
        updated_time,ext
    </sql>
</mapper>
