<?xml version="1.0" encoding="UTF-8"?>
<!DOCTYPE mapper
        PUBLIC "-//mybatis.org//DTD Mapper 3.0//EN"
        "http://mybatis.org/dtd/mybatis-3-mapper.dtd">
<mapper namespace="com.flyme.xjsd.cloud.dao.mapper.VehicleFeatureFamilyMapper">

    <resultMap id="BaseResultMap" type="com.flyme.xjsd.cloud.dao.entity.VehicleFeatureFamily">
            <id property="id" column="id" jdbcType="BIGINT"/>
            <result property="code" column="code" jdbcType="VARCHAR"/>
            <result property="name" column="name" jdbcType="VARCHAR"/>
            <result property="vehicleId" column="vehicle_id" jdbcType="BIGINT"/>
            <result property="createdBy" column="created_by" jdbcType="VARCHAR"/>
            <result property="updatedBy" column="updated_by" jdbcType="VARCHAR"/>
            <result property="delFlag" column="del_flag" jdbcType="INTEGER"/>
            <result property="createdTime" column="created_time" jdbcType="TIMESTAMP"/>
            <result property="updatedTime" column="updated_time" jdbcType="TIMESTAMP"/>
    </resultMap>

    <sql id="Base_Column_List">
        id,code,name,
        vehicle_id,created_by,updated_by,
        del_flag,created_time,updated_time
    </sql>

    <select id="countFamilyIsUse" resultType="integer">
        SELECT
            count(*)
        FROM
            vehicle_configuration_version t
                INNER JOIN vehicle_config_family t1 ON t.id = t1.version_id
                AND t.`status` = 'effect'
                AND t1.family_id = #{familyId}
                and t.del_flag = 0
                and t1.del_flag = 0
    </select>
</mapper>
