<?xml version="1.0" encoding="UTF-8"?>
<!DOCTYPE mapper
        PUBLIC "-//mybatis.org//DTD Mapper 3.0//EN"
        "http://mybatis.org/dtd/mybatis-3-mapper.dtd">
<mapper namespace="com.flyme.xjsd.cloud.dao.mapper.VehicleSkuInfoMapper">

    <resultMap id="BaseResultMap" type="com.flyme.xjsd.cloud.dao.entity.VehicleSkuInfo">
            <id property="id" column="id" jdbcType="BIGINT"/>
            <result property="skuId" column="sku_id" jdbcType="BIGINT"/>
            <result property="vehicleId" column="vehicle_id" jdbcType="BIGINT"/>
            <result property="configVersionId" column="config_version_id" jdbcType="BIGINT"/>
            <result property="deliveryMinTime" column="delivery_min_time" jdbcType="INTEGER"/>
            <result property="deliveryMaxTime" column="delivery_max_time" jdbcType="INTEGER"/>
            <result property="actualPrice" column="actual_price" jdbcType="DECIMAL"/>
            <result property="showActualPrice" column="show_actual_price" jdbcType="DECIMAL"/>
            <result property="colorFeatureCode" column="color_feature_code" jdbcType="VARCHAR"/>
            <result property="optionalFeatureCodes" column="optional_feature_codes" jdbcType="VARCHAR"/>
            <result property="interiorFeatureCode" column="interior_feature_code" jdbcType="VARCHAR"/>
            <result property="wheelFeatureCode" column="wheel_feature_code" jdbcType="VARCHAR"/>
            <result property="previewFeatureCode" column="preview_feature_code" jdbcType="VARCHAR"/>
            <result property="stockFlag" column="stock_flag" jdbcType="VARCHAR"/>
            <result property="createdBy" column="created_by" jdbcType="VARCHAR"/>
            <result property="updatedBy" column="updated_by" jdbcType="VARCHAR"/>
            <result property="delFlag" column="del_flag" jdbcType="INTEGER"/>
            <result property="createdTime" column="created_time" jdbcType="TIMESTAMP"/>
            <result property="updatedTime" column="updated_time" jdbcType="TIMESTAMP"/>
    </resultMap>

    <sql id="Base_Column_List">
        id,sku_id,vehicle_id,
        config_version_id,delivery_min_time,delivery_max_time,
        actual_price,show_actual_price,color_feature_code,
        optional_feature_codes,interior_feature_code,wheel_feature_code,
        preview_feature_code,stock_flag,created_by,
        updated_by,del_flag,created_time,
        updated_time
    </sql>
</mapper>
