<?xml version="1.0" encoding="UTF-8"?>
<!DOCTYPE mapper
        PUBLIC "-//mybatis.org//DTD Mapper 3.0//EN"
        "http://mybatis.org/dtd/mybatis-3-mapper.dtd">
<mapper namespace="com.flyme.xjsd.cloud.dao.mapper.VehicleConfigurationInfoMapper">

    <resultMap id="BaseResultMap" type="com.flyme.xjsd.cloud.dao.entity.VehicleConfigurationInfo">
            <id property="id" column="id" jdbcType="BIGINT"/>
            <result property="vehicleIds" column="vehicle_Id" jdbcType="VARCHAR"/>
            <result property="code" column="code" jdbcType="VARCHAR"/>
            <result property="name" column="name" jdbcType="VARCHAR"/>
            <result property="description" column="description" jdbcType="VARCHAR"/>
            <result property="effectVersionId" column="effect_version_id" jdbcType="BIGINT"/>
            <result property="effectVersion" column="effect_version" jdbcType="VARCHAR"/>
            <result property="createdBy" column="created_by" jdbcType="VARCHAR"/>
            <result property="updatedBy" column="updated_by" jdbcType="VARCHAR"/>
            <result property="delFlag" column="del_flag" jdbcType="INTEGER"/>
            <result property="createdTime" column="created_time" jdbcType="TIMESTAMP"/>
            <result property="updatedTime" column="updated_time" jdbcType="TIMESTAMP"/>
    </resultMap>

    <resultMap id="SellConfig" type="com.flyme.xjsd.cloud.dto.response.SellConfigResponse">
        <result property="id" column="id"/>
        <result property="versionId" column="version_id"/>
        <result property="code" column="code"/>
        <result property="name" column="name"/>
        <result property="status" column="status"/>
        <result property="vehicleIds" column="vehicle_Ids"/>
        <result property="description" column="description" />
        <result property="effectVersionId" column="effect_version_id" />
        <result property="effectVersion" column="effect_version"/>
        <result property="createdBy" column="created_by"/>
        <result property="updatedBy" column="updated_by" />
        <result property="createdTime" column="created_time" />
        <result property="updatedTime" column="updated_time"/>
        <result property="beginTime" column="begin_time" />
        <result property="endTime" column="end_time" />
        <result property="stockFlag" column="stock_flag"/>
    </resultMap>

    <sql id="Base_Column_List">
        id,vehicle_Ids,code,description,
        effect_version_id,effect_version,created_by,
        updated_by,del_flag,created_time,
        updated_time
    </sql>

    <select id="listCarSellConfig" resultMap="SellConfig">
        SELECT
            t.id,
            t1.id as version_id,
            t.name,
            t.code,
            t.vehicle_Ids,
            t.effect_version_id,
            t.effect_version,
            t.description,
            t1.status,
            t1.begin_time,
            t1.end_time,
            t1.stock_flag,
            t1.created_time,
            t1.updated_time,
            t1.created_by,
            t1.updated_by
        FROM
            vehicle_configuration_info t
                INNER JOIN
            vehicle_configuration_version t1
            ON t.id = t1.config_id
        WHERE
            t.del_flag = 0
            and
            t1.del_flag = 0
            <if test="code != '' and code != null">
                and t.`code` = #{code}
            </if>
            <if test="status != '' and status != null">
                and t1.`status` = #{status}
            </if>
            <if test="name != '' and name != null">
                and t.`name` like #{name}
            </if>
            order by t1.updated_time desc
    </select>
</mapper>
