<?xml version="1.0" encoding="UTF-8"?>
<!DOCTYPE mapper PUBLIC "-//mybatis.org//DTD Mapper 3.0//EN" "http://mybatis.org/dtd/mybatis-3-mapper.dtd">
<mapper namespace="com.xjmzstarauto.store.goods.mapper.GoodsCategoryMapper">

    <sql id="table">`goods_category`</sql>
    <resultMap id="BaseResultMap" type="com.xjmzstarauto.store.goods.model.domain.GoodsCategoryDO">
        <id column="id" jdbcType="INTEGER" property="id"/>
        <result column="name" jdbcType="VARCHAR" property="name"/>
        <result column="level" jdbcType="INTEGER" property="level"/>
        <result column="parent_id" jdbcType="INTEGER" property="parentId"/>
        <result column="status" jdbcType="INTEGER" property="status"/>
        <result column="creator_id" jdbcType="VARCHAR" property="creatorId"/>
        <result column="creator_name" jdbcType="VARCHAR" property="creatorName"/>
        <result column="gmt_create" jdbcType="TIMESTAMP" property="gmtCreate"/>
        <result column="modifier_id" jdbcType="VARCHAR" property="modifierId"/>
        <result column="modifier_name" jdbcType="VARCHAR" property="modifierName"/>
        <result column="gmt_modified" jdbcType="TIMESTAMP" property="gmtModified"/>
    </resultMap>
    <sql id="Base_Column_List">
        `id`
        , `name` , `level` ,`parent_id` , `status` , `creator_id` , `creator_name` , `gmt_create` , `modifier_id` , `modifier_name` , `gmt_modified`
    </sql>

    <select id="selectByPrimaryKey" parameterType="java.lang.Integer" resultMap="BaseResultMap">
        select
        <include refid="Base_Column_List"/>
        from
        <include refid="table"/>
        where
        `id` = #{id,jdbcType=INTEGER}
    </select>


    <delete id="deleteByPrimaryKey" parameterType="java.lang.Integer">
        delete
        from
        <include refid="table"/>
        where
        `id` = #{id,jdbcType=INTEGER}
    </delete>

    <insert id="insertSelective" parameterType="com.xjmzstarauto.store.goods.model.domain.GoodsCategoryDO"
            useGeneratedKeys="true" keyProperty="id">
        insert into
        <include refid="table"/>
        <trim prefix="(" suffix=")" suffixOverrides=",">
            <if test="name != null">
                `name`,
            </if>
            <if test="level != null">
                `level`,
            </if>
            <if test="parentId != null">
                `parent_id`,
            </if>
            <if test="status != null">
                `status`,
            </if>
            <if test="creatorId != null">
                `creator_id`,
            </if>
            <if test="creatorName != null">
                `creator_name`,
            </if>
            <if test="gmtCreate != null">
                `gmt_create`,
            </if>
            <if test="modifierId != null">
                `modifier_id`,
            </if>
            <if test="modifierName != null">
                `modifier_name`,
            </if>
            <if test="gmtModified != null">
                `gmt_modified`,
            </if>
        </trim>
        <trim prefix="values (" suffix=")" suffixOverrides=",">
            <if test="name != null">
                #{name,jdbcType=VARCHAR},
            </if>
            <if test="level != null">
                #{level,jdbcType=INTEGER},
            </if>
            <if test="parentId != null">
                #{parentId,jdbcType=INTEGER},
            </if>
            <if test="status != null">
                #{status,jdbcType=INTEGER},
            </if>
            <if test="creatorId != null">
                #{creatorId,jdbcType=VARCHAR},
            </if>
            <if test="creatorName != null">
                #{creatorName,jdbcType=VARCHAR},
            </if>
            <if test="gmtCreate != null">
                #{gmtCreate,jdbcType=TIMESTAMP},
            </if>
            <if test="modifierId != null">
                #{modifierId,jdbcType=VARCHAR},
            </if>
            <if test="modifierName != null">
                #{modifierName,jdbcType=VARCHAR},
            </if>
            <if test="gmtModified != null">
                #{gmtModified,jdbcType=TIMESTAMP},
            </if>
        </trim>
    </insert>

    <update id="updateByPrimaryKeySelective" parameterType="com.xjmzstarauto.store.goods.model.domain.GoodsCategoryDO">
        update
        <include refid="table"/>
        <set>
            <if test="name != null">
                `name` = #{name,jdbcType=VARCHAR},
            </if>
            <if test="level != null">
                `level` = #{level,jdbcType=INTEGER},
            </if>
            <if test="parentId != null">
                `parent_id` = #{parentId,jdbcType=INTEGER},
            </if>
            <if test="status != null">
                `status` = #{status,jdbcType=INTEGER},
            </if>
            <if test="creatorId != null">
                `creator_id` = #{creatorId,jdbcType=VARCHAR},
            </if>
            <if test="creatorName != null">
                `creator_name` = #{creatorName,jdbcType=VARCHAR},
            </if>
            <if test="gmtCreate != null">
                `gmt_create` = #{gmtCreate,jdbcType=TIMESTAMP},
            </if>
            <if test="modifierId != null">
                `modifier_id` = #{modifierId,jdbcType=VARCHAR},
            </if>
            <if test="modifierName != null">
                `modifier_name` = #{modifierName,jdbcType=VARCHAR},
            </if>
            <if test="gmtModified != null">
                `gmt_modified` = #{gmtModified,jdbcType=TIMESTAMP},
            </if>
        </set>
        where
        `id` = #{id,jdbcType=INTEGER}
    </update>

    <select id="count" parameterType="com.xjmzstarauto.store.goods.model.param.GoodsCategoryQueryPARAM"
            resultType="java.lang.Integer">
        select count(1)
        from
        <include refid="table"/>
        where
        <include refid="Base_Page_Where"/>
    </select>


    <select id="getByName" parameterType="com.xjmzstarauto.store.goods.model.param.GoodsCategoryQueryPARAM"
            resultMap="BaseResultMap">
        select
        <include refid="Base_Column_List"/>
        from
        <include refid="table"/>
        where   `name` = #{name,jdbcType=VARCHAR} and  `level` = #{level,jdbcType=INTEGER} limit 1
    </select>


    <select id="getList" parameterType="com.xjmzstarauto.store.goods.model.param.GoodsCategoryQueryPARAM"
            resultMap="BaseResultMap">
        select
        <include refid="Base_Column_List"/>
        from
        <include refid="table"/>
        where
        <include refid="Base_Page_Where"/>
    </select>

    <select id="getGoodsCategoryListByLevel" parameterType="com.xjmzstarauto.store.goods.model.param.GoodsCategoryQueryPARAM"
            resultMap="BaseResultMap">
        select
        <include refid="Base_Column_List"/>
        from
        <include refid="table"/>
        where `status` = 1
        and `level` IN
        <foreach collection="levelList" item="goods" open="(" separator="," close=")">
            #{goods}
        </foreach>
    </select>

    <select id="getAll" parameterType="com.xjmzstarauto.store.goods.model.param.GoodsCategoryQueryPARAM"
            resultMap="BaseResultMap">
        select
        <include refid="Base_Column_List"/>
        from
        <include refid="table"/>
        WHERE `status` = 1
        ORDER BY `level`
    </select>

    <!-- 分页查询查询条件 -->
    <sql id="Base_Page_Where">
        1=1
        <if test=" param != null ">
            <if test=" param.id != null">
                and `id` = #{param.id}
            </if>
            <if test=" param.nameLike != null">
                and `name` like concat ('%',#{param.nameLike},'%')
            </if>
            <if test=" param.parentId != null">
                and `parent_id` = #{param.parentId}
            </if>
            <if test=" param.status != null">
                and `status` = #{param.status}
            </if>
        </if>
    </sql>

</mapper>

