<?xml version="1.0" encoding="UTF-8"?>
<!DOCTYPE mapper PUBLIC "-//mybatis.org//DTD Mapper 3.0//EN" "http://mybatis.org/dtd/mybatis-3-mapper.dtd">
<mapper namespace="com.xjmzstarauto.store.goods.mapper.GoodsCategoryAttributeMapper">

    <sql id="table">`goods_category_attribute`</sql>
    <resultMap id="BaseResultMap" type="com.xjmzstarauto.store.goods.model.domain.GoodsCategoryAttributeDO">
        <id column="id" jdbcType="INTEGER" property="id"/>
        <result column="attribute_id" jdbcType="INTEGER" property="attributeId"/>
        <result column="active" jdbcType="INTEGER" property="active"/>
        <result column="order" jdbcType="INTEGER" property="order"/>
        <result column="category_id" jdbcType="INTEGER" property="categoryId"/>
        <result column="creator_id" jdbcType="VARCHAR" property="creatorId"/>
        <result column="creator_name" jdbcType="VARCHAR" property="creatorName"/>
        <result column="gmt_create" jdbcType="TIMESTAMP" property="gmtCreate"/>
        <result column="modifier_id" jdbcType="VARCHAR" property="modifierId"/>
        <result column="modifier_name" jdbcType="VARCHAR" property="modifierName"/>
        <result column="gmt_modified" jdbcType="TIMESTAMP" property="gmtModified"/>
    </resultMap>
    <sql id="Base_Column_List">
        `id`
        , `attribute_id` , `active` , `order` , `category_id` , `creator_id` , `creator_name` , `gmt_create` , `modifier_id` , `modifier_name` , `gmt_modified`
    </sql>

    <select id="selectByPrimaryKey" parameterType="java.lang.Integer" resultMap="BaseResultMap">
        select
        <include refid="Base_Column_List"/>
        from
        <include refid="table"/>
        where `id` = #{id,jdbcType=INTEGER} and active = 1
    </select>


    <update id="deleteByPrimaryKey" parameterType="java.lang.Integer">
        update <include refid="table"/>
            set
        <if test="modifierId != null">
            `modifier_id` = #{modifierId,jdbcType=VARCHAR},
        </if>
        <if test="modifierName != null">
            `modifier_name` = #{modifierName,jdbcType=VARCHAR},
        </if>
        `gmt_modified` = NOW(),
        active = 0
        where `id` = #{id,jdbcType=INTEGER}
    </update>

    <insert id="insertSelective" parameterType="com.xjmzstarauto.store.goods.model.domain.GoodsCategoryAttributeDO"
            useGeneratedKeys="true" keyProperty="id">
        insert into
        <include refid="table"/>
        <trim prefix="(" suffix=")" suffixOverrides=",">
            <if test="attributeId != null">
                `attribute_id`,
            </if>
            <if test="active != null">
                `active`,
            </if>
            <if test="order != null">
                `order`,
            </if>
            <if test="categoryId != null">
                `category_id`,
            </if>
            <if test="creatorId != null">
                `creator_id`,
            </if>
            <if test="creatorName != null">
                `creator_name`,
            </if>
            <if test="gmtCreate != null">
                `gmt_create`,
            </if>
            <if test="modifierId != null">
                `modifier_id`,
            </if>
            <if test="modifierName != null">
                `modifier_name`,
            </if>
            <if test="gmtModified != null">
                `gmt_modified`,
            </if>
        </trim>
        <trim prefix="values (" suffix=")" suffixOverrides=",">
            <if test="attributeId != null">
                #{attributeId,jdbcType=INTEGER},
            </if>
            <if test="active != null">
                #{active,jdbcType=INTEGER},
            </if>
            <if test="order != null">
                #{order,jdbcType=INTEGER},
            </if>
            <if test="categoryId != null">
                #{categoryId,jdbcType=INTEGER},
            </if>
            <if test="creatorId != null">
                #{creatorId,jdbcType=VARCHAR},
            </if>
            <if test="creatorName != null">
                #{creatorName,jdbcType=VARCHAR},
            </if>
            <if test="gmtCreate != null">
                #{gmtCreate,jdbcType=TIMESTAMP},
            </if>
            <if test="modifierId != null">
                #{modifierId,jdbcType=VARCHAR},
            </if>
            <if test="modifierName != null">
                #{modifierName,jdbcType=VARCHAR},
            </if>
            <if test="gmtModified != null">
                #{gmtModified,jdbcType=TIMESTAMP},
            </if>
        </trim>
    </insert>

    <update id="updateByPrimaryKeySelective"
            parameterType="com.xjmzstarauto.store.goods.model.domain.GoodsCategoryAttributeDO">
        update
        <include refid="table"/>
        <set>
            <if test="attributeId != null">
                `attribute_id` = #{attributeId,jdbcType=INTEGER},
            </if>
            <if test="active != null">
                `active` = #{active,jdbcType=INTEGER},
            </if>
            <if test="order != null">
                `order` = #{order,jdbcType=INTEGER},
            </if>
            <if test="categoryId != null">
                `category_id` = #{categoryId,jdbcType=INTEGER},
            </if>
            <if test="creatorId != null">
                `creator_id` = #{creatorId,jdbcType=VARCHAR},
            </if>
            <if test="creatorName != null">
                `creator_name` = #{creatorName,jdbcType=VARCHAR},
            </if>
            <if test="gmtCreate != null">
                `gmt_create` = #{gmtCreate,jdbcType=TIMESTAMP},
            </if>
            <if test="modifierId != null">
                `modifier_id` = #{modifierId,jdbcType=VARCHAR},
            </if>
            <if test="modifierName != null">
                `modifier_name` = #{modifierName,jdbcType=VARCHAR},
            </if>
            <if test="gmtModified != null">
                `gmt_modified` = #{gmtModified,jdbcType=TIMESTAMP},
            </if>
        </set>
        where
        `id` = #{id,jdbcType=INTEGER}
    </update>

    <update id="updateActiveByCategoryAndAttributeId">
        update
        <include refid="table"/>
        <set>
            <if test="active != null">
                `active` = #{active,jdbcType=INTEGER},
            </if>
            <if test="order != null">
                `order` = #{order,jdbcType=INTEGER},
            </if>
            <if test="modifierId != null">
                `modifier_id` = #{modifierId,jdbcType=VARCHAR},
            </if>
            <if test="modifierName != null">
                `modifier_name` = #{modifierName,jdbcType=VARCHAR},
            </if>
            <if test="gmtModified != null">
                `gmt_modified` = #{gmtModified,jdbcType=TIMESTAMP},
            </if>
        </set>
        where `category_id` = #{categoryId,jdbcType=INTEGER}
        AND `attribute_id` = #{attributeId,jdbcType=INTEGER}
    </update>

    <select id="count" parameterType="com.xjmzstarauto.store.goods.model.param.GoodsCategoryAttributeQueryPARAM"
            resultType="java.lang.Integer">
        select count(1)
        from
        <include refid="table"/>
        where
        <include refid="Base_Page_Where"/>
    </select>

    <select id="getList" parameterType="com.xjmzstarauto.store.goods.model.param.GoodsCategoryAttributeQueryPARAM"
            resultMap="BaseResultMap">
        select
        <include refid="Base_Column_List"/>
        from
        <include refid="table"/>
        where
        <include refid="Base_Page_Where"/>
    </select>

    <select id="findJointPage" parameterType="com.xjmzstarauto.store.goods.model.param.GoodsCategoryAttributeQueryPARAM"
            resultType="com.xjmzstarauto.store.goods.model.domain.GoodsCategoryAndAttributeDO">
        select
        ca.`id` id,
        ca.`attribute_id` attributeId,
        ca.`active` active,
        ca.`order` 'order',
        ca.`category_id` categoryId,
        ca.`creator_id` creatorId,
        ca.`creator_name` creatorName,
        ca.`gmt_create` gmtCreate,
        ca.`modifier_id` modifierId,
        ca.`modifier_name` modifierName,
        ca.`gmt_modified`gmtModified,
        a.name attributeName,
        a.attribute_type attributeType
        from
        `goods_category_attribute` ca
        inner join goods_attribute a
        ON a.id = ca.`attribute_id`
        where
        ca.active = 1 and a.status = 1
        <if test=" param != null ">
            <if test=" param.id != null">
                and ca.`id` = #{param.id}
            </if>
            <if test=" param.attributeId != null">
                and ca.`attribute_id` = #{param.attributeId}
            </if>
            <if test=" param.attributeType != null">
                and a.`attribute_type` = #{param.attributeType}
            </if>
            <if test=" param.order != null">
                and ca.`order` = #{param.order}
            </if>
            <if test=" param.categoryId != null">
                and ca.`category_id` = #{param.categoryId}
            </if>
        </if>
        ORDER BY ca.`order`
    </select>

    <select id="getCategoryNumByCategoryIdAndAttributeType" resultType="int">
        select count(*) num
        from goods_category_attribute ca
                 INNER JOIN goods_attribute a
                            ON a.id = ca.attribute_id
        where ca.category_id = #{categoryId}
          and a.attribute_type = #{attributeType}
          and ca.active = 1
    </select>

    <update id="move">
        UPDATE goods_category_attribute
        SET `order` = `order` + #{addend}
        WHERE active = 1
        AND category_id = #{categoryId}
        AND id IN
        <foreach collection="ids" item="goods" open="(" separator="," close=")">
            #{goods}
        </foreach>
        AND `order` BETWEEN #{from} AND #{to}
    </update>

    <update id="updateOrder">
        UPDATE goods_category_attribute
        SET
        <if test="modifierId != null">
            `modifier_id` = #{modifierId,jdbcType=VARCHAR},
        </if>
        <if test="modifierName != null">
            `modifier_name` = #{modifierName,jdbcType=VARCHAR},
        </if>
        `gmt_modified` = NOW(),
        `order` = #{targetOrder}
        WHERE category_id = #{categoryId}
        AND id = #{id}
    </update>

    <select id="getMaxOrder" resultType="int">
        select MAX(`order`)
        FROM goods_category_attribute ca
        INNER JOIN goods_attribute a
        ON ca.attribute_id = a.id
        WHERE
        active = 1
        AND ca.category_id = #{categoryId}
        AND a.attribute_type = #{attributeType}
    </select>

    <select id="selectByCategoryIdAndAttributeIdList" parameterType="com.xjmzstarauto.store.goods.model.param.GoodsCategoryAttributeQueryPARAM"
            resultMap="BaseResultMap">
        select
        <include refid="Base_Column_List"/>
        from
        <include refid="table"/>
        where
        category_id = #{categoryId}
        AND attribute_id IN
        <foreach collection="attributeIds" item="goods" separator="," open="(" close=")">#{goods}</foreach>
    </select>

    <!-- 分页查询查询条件 -->
    <sql id="Base_Page_Where">
        active = 1
        <if test=" param != null ">
            <if test=" param.id != null">
                and `id` = #{param.id}
            </if>
            <if test=" param.attributeId != null">
                and `attribute_id` = #{param.attributeId}
            </if>
            <if test=" param.active != null">
                and `active` = #{param.active}
            </if>
            <if test=" param.order != null">
                and `order` = #{param.order}
            </if>
            <if test=" param.categoryId != null">
                and `category_id` = #{param.categoryId}
            </if>
            <if test=" param.creatorId != null">
                and `creator_id` = #{param.creatorId}
            </if>
            <if test=" param.creatorIdLike != null">
                and `creator_id` like concat ('%',#{param.creatorIdLike},'%')
            </if>
            <if test=" param.creatorName != null">
                and `creator_name` = #{param.creatorName}
            </if>
            <if test=" param.creatorNameLike != null">
                and `creator_name` like concat ('%',#{param.creatorNameLike},'%')
            </if>
            <if test=" param.gmtCreate != null">
                and `gmt_create` = #{param.gmtCreate}
            </if>
            <if test=" param.gmtCreateLte != null">
                and `gmt_create` &lt;= #{param.gmtCreateLte}
            </if>
            <if test=" param.gmtCreateLt != null">
                and `gmt_create` &lt; #{param.gmtCreateLt}
            </if>
            <if test=" param.gmtCreateGte != null">
                and `gmt_create` &gt;= #{param.gmtCreateGte}
            </if>
            <if test=" param.gmtCreateGt != null">
                and `gmt_create` &gt; #{param.gmtCreateGt}
            </if>
            <if test=" param.modifierId != null">
                and `modifier_id` = #{param.modifierId}
            </if>
            <if test=" param.modifierIdLike != null">
                and `modifier_id` like concat ('%',#{param.modifierIdLike},'%')
            </if>
            <if test=" param.modifierName != null">
                and `modifier_name` = #{param.modifierName}
            </if>
            <if test=" param.modifierNameLike != null">
                and `modifier_name` like concat ('%',#{param.modifierNameLike},'%')
            </if>
            <if test=" param.gmtModified != null">
                and `gmt_modified` = #{param.gmtModified}
            </if>
            <if test=" param.gmtModifiedLte != null">
                and `gmt_modified` &lt;= #{param.gmtModifiedLte}
            </if>
            <if test=" param.gmtModifiedLt != null">
                and `gmt_modified` &lt; #{param.gmtModifiedLt}
            </if>
            <if test=" param.gmtModifiedGte != null">
                and `gmt_modified` &gt;= #{param.gmtModifiedGte}
            </if>
            <if test=" param.gmtModifiedGt != null">
                and `gmt_modified` &gt; #{param.gmtModifiedGt}
            </if>
        </if>
    </sql>

</mapper>

