<?xml version="1.0" encoding="UTF-8"?>
<!DOCTYPE mapper PUBLIC "-//mybatis.org//DTD Mapper 3.0//EN" "http://mybatis.org/dtd/mybatis-3-mapper.dtd">
<mapper namespace="com.xjmzstarauto.store.goods.mapper.GoodsSkuMapper">

    <sql id="table">`goods_sku`</sql>
    <resultMap id="BaseResultMap" type="com.xjmzstarauto.store.goods.model.domain.GoodsSkuDO">
        <id column="id" jdbcType="INTEGER" property="id"/>
        <result column="goods_id" jdbcType="INTEGER" property="goodsId"/>
        <result column="image" jdbcType="VARCHAR" property="image"/>
        <result column="price" jdbcType="DECIMAL" property="price"/>
        <result column="origin_price" jdbcType="DECIMAL" property="originPrice"/>
        <result column="inventory" jdbcType="INTEGER" property="inventory"/>
        <result column="sold" jdbcType="INTEGER" property="sold"/>
        <result column="sku_code" jdbcType="VARCHAR" property="skuCode"/>
        <result column="status" jdbcType="INTEGER" property="status"/>
        <result column="min_point" jdbcType="INTEGER" property="minPoint"/>
        <result column="max_point" jdbcType="INTEGER" property="maxPoint"/>
        <result column="sku_extend"  property="skuExtend" jdbcType="VARCHAR"/>
        <result column="creator_id" jdbcType="VARCHAR" property="creatorId"/>
        <result column="creator_name" jdbcType="VARCHAR" property="creatorName"/>
        <result column="gmt_create" jdbcType="TIMESTAMP" property="gmtCreate"/>
        <result column="modifier_id" jdbcType="VARCHAR" property="modifierId"/>
        <result column="modifier_name" jdbcType="VARCHAR" property="modifierName"/>
        <result column="gmt_modified" jdbcType="TIMESTAMP" property="gmtModified"/>
        <result column="active" jdbcType="INTEGER" property="active"/>
    </resultMap>
    <sql id="Base_Column_List">
         `id` , `goods_id` , `image` , `price` , `origin_price` , `inventory`
             ,sold, `sku_code` , `status` , `min_point` , `max_point` , `sku_extend` , `creator_id` , `creator_name`
             , `gmt_create` , `modifier_id` , `modifier_name` , `gmt_modified` , `active`
    </sql>

    <select id="selectByPrimaryKey" parameterType="java.lang.Integer" resultMap="BaseResultMap">
        select
        <include refid="Base_Column_List" />
        from <include refid="table"/>
        where  `id` = #{id,jdbcType=INTEGER} and active =  1
    </select>

    <select id="selectByAttributeId" parameterType="java.lang.Integer" resultMap="BaseResultMap">
        select
        a.*
        from <include refid="table"/> a left join goods_resource_attribute b on a.id = b.resource_id
        where  b.attribute_id = #{attributeId,jdbcType=INTEGER} and a.active =  1 and a.status = 1
    </select>

    <delete id="deleteByPrimaryKey" parameterType="java.lang.Integer">
        update
        <include refid="table"/>
        set active =  0
        where `id` = #{id,jdbcType=INTEGER}
    </delete>

    <insert id="insertSelective" parameterType="com.xjmzstarauto.store.goods.model.domain.GoodsSkuDO" useGeneratedKeys="true" keyProperty="id">
        insert into
        <include refid="table"/>
        <trim prefix="(" suffix=")" suffixOverrides=",">
            <if test="goodsId != null">
                `goods_id`,
            </if>
            <if test="image != null">
                `image`,
            </if>
            <if test="price != null">
                `price`,
            </if>
            <if test="originPrice != null">
                `origin_price`,
            </if>
            <if test="inventory != null">
                `inventory`,
            </if>
            <if test="skuCode != null">
                `sku_code`,
            </if>
            <if test="status != null">
                `status`,
            </if>
            <if test="minPoint != null">
                `min_point`,
            </if>
            <if test="maxPoint != null">
                `max_point`,
            </if>
            <if test="skuExtend != null">
                `sku_extend`,
            </if>
            <if test="creatorId != null">
                `creator_id`,
            </if>
            <if test="creatorName != null">
                `creator_name`,
            </if>
            <if test="gmtCreate != null">
                `gmt_create`,
            </if>
            <if test="modifierId != null">
                `modifier_id`,
            </if>
            <if test="modifierName != null">
                `modifier_name`,
            </if>
            <if test="gmtModified != null">
                `gmt_modified`,
            </if>
            <if test="active != null">
                `active`,
            </if>
        </trim>
        <trim prefix="values (" suffix=")" suffixOverrides=",">
             <if test="goodsId != null">
                #{goodsId,jdbcType=INTEGER},
             </if>
             <if test="image != null">
                #{image,jdbcType=VARCHAR},
             </if>
             <if test="price != null">
                #{price,jdbcType=DECIMAL},
             </if>
             <if test="originPrice != null">
                #{originPrice,jdbcType=DECIMAL},
             </if>
             <if test="cardKeyStoreId != null">
                #{cardKeyStoreId,jdbcType=INTEGER},
             </if>
             <if test="inventory != null">
               0,
             </if>
             <if test="skuCode != null">
                #{skuCode,jdbcType=VARCHAR},
             </if>
             <if test="status != null">
                #{status,jdbcType=INTEGER},
             </if>
             <if test="minPoint != null">
                #{minPoint,jdbcType=INTEGER},
             </if>
             <if test="maxPoint != null">
                #{maxPoint,jdbcType=INTEGER},
             </if>
             <if test="skuExtend != null">
                #{skuExtend,jdbcType=VARCHAR},
             </if>
             <if test="creatorId != null">
                #{creatorId,jdbcType=VARCHAR},
             </if>
             <if test="creatorName != null">
                #{creatorName,jdbcType=VARCHAR},
             </if>
             <if test="gmtCreate != null">
                #{gmtCreate,jdbcType=TIMESTAMP},
             </if>
             <if test="modifierId != null">
                #{modifierId,jdbcType=VARCHAR},
             </if>
             <if test="modifierName != null">
                #{modifierName,jdbcType=VARCHAR},
             </if>
             <if test="gmtModified != null">
                #{gmtModified,jdbcType=TIMESTAMP},
             </if>
             <if test="active != null">
                #{active,jdbcType=INTEGER},
             </if>
        </trim>
    </insert>

    <update id="updateByPrimaryKeySelective" parameterType="com.xjmzstarauto.store.goods.model.domain.GoodsSkuDO">
        update
        <include refid="table"/>
        <set>
            <if test="goodsId != null">
                `goods_id` = #{goodsId,jdbcType=INTEGER},
            </if>
            <if test="image != null">
                `image` = #{image,jdbcType=VARCHAR},
            </if>
            <if test="price != null">
                `price` = #{price,jdbcType=DECIMAL},
            </if>
            <if test="originPrice != null">
                `origin_price` = #{originPrice,jdbcType=DECIMAL},
            </if>
            <if test="inventory != null">
                `inventory` = #{inventory,jdbcType=INTEGER},
            </if>
            <if test="skuCode != null">
                `sku_code` = #{skuCode,jdbcType=VARCHAR},
            </if>
            <if test="status != null">
                `status` = #{status,jdbcType=INTEGER},
            </if>
            <if test="minPoint != null">
                `min_point` = #{minPoint,jdbcType=INTEGER},
            </if>
            <if test="maxPoint != null">
                `max_point` = #{maxPoint,jdbcType=INTEGER},
            </if>
            <if test="skuExtend != null">
                `sku_extend` = #{skuExtend,jdbcType=VARCHAR},
            </if>
            <if test="creatorId != null">
                `creator_id` = #{creatorId,jdbcType=VARCHAR},
            </if>
            <if test="creatorName != null">
                `creator_name` = #{creatorName,jdbcType=VARCHAR},
            </if>
            <if test="gmtCreate != null">
                `gmt_create` = #{gmtCreate,jdbcType=TIMESTAMP},
            </if>
            <if test="modifierId != null">
                `modifier_id` = #{modifierId,jdbcType=VARCHAR},
            </if>
            <if test="modifierName != null">
                `modifier_name` = #{modifierName,jdbcType=VARCHAR},
            </if>
            <if test="gmtModified != null">
                `gmt_modified` = #{gmtModified,jdbcType=TIMESTAMP},
            </if>
            <if test="active != null">
                `active` = #{active,jdbcType=INTEGER},
            </if>
        </set>
        where
            `id` = #{id,jdbcType=INTEGER}
    </update>

    <select id="count" parameterType="com.xjmzstarauto.store.goods.model.param.GoodsSkuQueryPARAM" resultType="java.lang.Integer">
        select count(1)
        from <include refid="table"/>
        where <include refid="Base_Page_Where"/>
    </select>

    <select id="getList" parameterType="com.xjmzstarauto.store.goods.model.param.GoodsSkuQueryPARAM" resultMap="BaseResultMap">
        select <include refid="Base_Column_List"/>
        from <include refid="table"/>
        where <include refid="Base_Page_Where"/>
    </select>

    <select id="listByGoodsId" parameterType="com.xjmzstarauto.store.goods.model.param.GoodsSkuQueryPARAM" resultMap="BaseResultMap">
        select <include refid="Base_Column_List"/>
        from <include refid="table"/>
        where goods_id=#{goodsId} and active=1
    </select>

    <select id="findOneSkuListByGoodsIds" resultMap="BaseResultMap">
        SELECT *
        FROM (select <include refid="Base_Column_List"/>
                from <include refid="table"/>
                where active=1
                and goods_id IN
                    <foreach collection="goodsIds" item="goods" open="(" separator="," close=")">
                        #{goods}
                    </foreach>
                order by price asc,id asc ) AS subquery
        GROUP BY goods_id
    </select>

    <select id="findSkuListByGoodsIds" resultMap="BaseResultMap">
        SELECT *
        FROM <include refid="table"/>
        where active=1
        and goods_id IN
        <foreach collection="goodsIds" item="goods" open="(" separator="," close=")">
            #{goods}
        </foreach>
    </select>

    <select id="findSkuListByIds" resultMap="BaseResultMap">
        select <include refid="Base_Column_List"/>
                from <include refid="table"/>
                where active=1
                and id IN
                    <foreach collection="ids" item="goods" open="(" separator="," close=")">
                        #{goods}
                    </foreach>
    </select>

    <select id="findSkuInventoryById" resultType="com.xjmzstarauto.store.goods.model.domain.SkuInventoryDO">
        select `id`, `inventory`from
        <include refid="table"/>
        where active=1 and id =#{skuId}
    </select>

    <!-- 分页查询查询条件 -->
    <sql id="Base_Page_Where">
        active =  1
        <if test=" param != null ">
            <if test=" param.id != null">
                and `id` = #{param.id}
            </if>
            <if test=" param.goodsId != null">
                and `goods_id` = #{param.goodsId}
            </if>
            <if test=" param.image != null">
                and `image` = #{param.image}
            </if>
            <if test=" param.imageLike != null">
                and `image` like concat ('%',#{param.imageLike},'%')
            </if>
            <if test=" param.price != null">
                and `price` = #{param.price}
            </if>
            <if test=" param.originPrice != null">
                and `origin_price` = #{param.originPrice}
            </if>
            <if test=" param.inventory != null">
                and `inventory` = #{param.inventory}
            </if>
            <if test=" param.skuCode != null">
                and `sku_code` = #{param.skuCode}
            </if>
            <if test=" param.skuCodeLike != null">
                and `sku_code` like concat ('%',#{param.skuCodeLike},'%')
            </if>
            <if test=" param.status != null">
                and `status` = #{param.status}
            </if>
            <if test=" param.minPoint != null">
                and `min_point` = #{param.minPoint}
            </if>
            <if test=" param.maxPoint != null">
                and `max_point` = #{param.maxPoint}
            </if>
            <if test=" param.skuExtend != null">
                and `sku_extend` = #{param.skuExtend}
            </if>
            <if test=" param.skuExtendLike != null">
                and `sku_extend` like concat ('%',#{param.skuExtendLike},'%')
            </if>
            <if test=" param.creatorId != null">
                and `creator_id` = #{param.creatorId}
            </if>
            <if test=" param.creatorIdLike != null">
                and `creator_id` like concat ('%',#{param.creatorIdLike},'%')
            </if>
            <if test=" param.creatorName != null">
                and `creator_name` = #{param.creatorName}
            </if>
            <if test=" param.creatorNameLike != null">
                and `creator_name` like concat ('%',#{param.creatorNameLike},'%')
            </if>
            <if test=" param.gmtCreate != null">
                and `gmt_create` = #{param.gmtCreate}
            </if>
            <if test=" param.gmtCreateLte != null">
                and `gmt_create` &lt;= #{param.gmtCreateLte}
            </if>
            <if test=" param.gmtCreateLt != null">
                and `gmt_create` &lt; #{param.gmtCreateLt}
            </if>
            <if test=" param.gmtCreateGte != null">
                and `gmt_create` &gt;= #{param.gmtCreateGte}
            </if>
            <if test=" param.gmtCreateGt != null">
                and `gmt_create` &gt; #{param.gmtCreateGt}
            </if>
            <if test=" param.modifierId != null">
                and `modifier_id` = #{param.modifierId}
            </if>
            <if test=" param.modifierIdLike != null">
                and `modifier_id` like concat ('%',#{param.modifierIdLike},'%')
            </if>
            <if test=" param.modifierName != null">
                and `modifier_name` = #{param.modifierName}
            </if>
            <if test=" param.modifierNameLike != null">
                and `modifier_name` like concat ('%',#{param.modifierNameLike},'%')
            </if>
            <if test=" param.gmtModified != null">
                and `gmt_modified` = #{param.gmtModified}
            </if>
            <if test=" param.gmtModifiedLte != null">
                and `gmt_modified` &lt;= #{param.gmtModifiedLte}
            </if>
            <if test=" param.gmtModifiedLt != null">
                and `gmt_modified` &lt; #{param.gmtModifiedLt}
            </if>
            <if test=" param.gmtModifiedGte != null">
                and `gmt_modified` &gt;= #{param.gmtModifiedGte}
            </if>
            <if test=" param.gmtModifiedGt != null">
                and `gmt_modified` &gt; #{param.gmtModifiedGt}
            </if>
            <if test=" param.active != null">
                and `active` = #{param.active}
            </if>
        </if>
    </sql>

    <update id="increaseInventory">
        update `goods_sku`
        <set>
            inventory = inventory+#{param.inventory},
            <if test="param.orderModify == true">
                sold  = sold - #{param.inventory},
            </if>
        </set>
        where id = #{param.skuId}
        <if test="param.orderModify == true">
            and sold >= #{param.inventory}
        </if>
    </update>

    <update id="decreaseInventory">
        update `goods_sku`
        <set>
            inventory = inventory-#{param.inventory},
            <if test="param.orderModify == true">
                sold  = sold + #{param.inventory},
            </if>
        </set>
        where id = #{param.skuId} and inventory >= #{param.inventory}
    </update>




</mapper>

