<?xml version="1.0" encoding="UTF-8"?>
<!DOCTYPE mapper PUBLIC "-//mybatis.org//DTD Mapper 3.0//EN" "http://mybatis.org/dtd/mybatis-3-mapper.dtd">
<mapper namespace="com.xjmzstarauto.store.goods.mapper.GoodsResourceAttributeMapper">

    <sql id="table">`goods_resource_attribute`</sql>
    <resultMap id="BaseResultMap" type="com.xjmzstarauto.store.goods.model.domain.GoodsResourceAttributeDO">
        <id column="id" jdbcType="INTEGER" property="id"/>
        <result column="resource_id" jdbcType="INTEGER" property="resourceId"/>
        <result column="resource_type" jdbcType="INTEGER" property="resourceType"/>
        <result column="type_attribute" jdbcType="INTEGER" property="typeAttribute"/>
        <result column="category_id" jdbcType="INTEGER" property="categoryId"/>
        <result column="attribute_id" jdbcType="INTEGER" property="attributeId"/>
        <result column="attribute_value" jdbcType="VARCHAR" property="attributeValue"/>
        <result column="attribute_order" jdbcType="INTEGER" property="attributeOrder"/>
        <result column="attribute_value_order" jdbcType="INTEGER" property="attributeValueOrder"/>
        <result column="attribute_value_img" jdbcType="VARCHAR" property="attributeValueImg"/>
    </resultMap>
    <sql id="Base_Column_List">
        `id`
        , `resource_id` , `resource_type` , `type_attribute` , `category_id` , `attribute_id` , `attribute_value` , `attribute_order` , `attribute_value_order` , `attribute_value_img`
    </sql>

    <select id="selectByPrimaryKey" parameterType="java.lang.Integer" resultMap="BaseResultMap">
        select
        <include refid="Base_Column_List"/>
        from
        <include refid="table"/>
        where
        `id` = #{id,jdbcType=INTEGER}
    </select>


    <delete id="deleteByResourceId" parameterType="java.lang.Integer">
        delete
        from
        <include refid="table"/>
        where
        `resource_id` = #{resourceId,jdbcType=INTEGER}
        and
        `resource_type` = #{resourceType,jdbcType=INTEGER}
        and
        `attribute_id` = #{attributeId,jdbcType=INTEGER}
    </delete>

    <insert id="insertSelective" parameterType="com.xjmzstarauto.store.goods.model.domain.GoodsResourceAttributeDO"
            useGeneratedKeys="true" keyProperty="id">
        insert into
        <include refid="table"/>
        <trim prefix="(" suffix=")" suffixOverrides=",">
            <if test="resourceId != null">
                `resource_id`,
            </if>
            <if test="resourceType != null">
                `resource_type`,
            </if>
            <if test="typeAttribute != null">
                `type_attribute`,
            </if>
            <if test="categoryId != null">
                `category_id`,
            </if>
            <if test="attributeId != null">
                `attribute_id`,
            </if>
            <if test="attributeValue != null">
                `attribute_value`,
            </if>
            <if test="attributeOrder != null">
                `attribute_order`,
            </if>
            <if test="attributeValueOrder != null">
                `attribute_value_order`,
            </if>
            <if test="attributeValueImg != null">
                `attribute_value_img`,
            </if>
        </trim>
        <trim prefix="values (" suffix=")" suffixOverrides=",">
            <if test="resourceId != null">
                #{resourceId,jdbcType=INTEGER},
            </if>
            <if test="resourceType != null">
                #{resourceType,jdbcType=INTEGER},
            </if>
            <if test="typeAttribute != null">
                #{typeAttribute,jdbcType=INTEGER},
            </if>
            <if test="categoryId != null">
                #{categoryId,jdbcType=INTEGER},
            </if>
            <if test="attributeId != null">
                #{attributeId,jdbcType=INTEGER},
            </if>
            <if test="attributeValue != null">
                #{attributeValue,jdbcType=VARCHAR},
            </if>
            <if test="attributeOrder != null">
                #{attributeOrder,jdbcType=INTEGER},
            </if>
            <if test="attributeValueOrder != null">
                #{attributeValueOrder,jdbcType=INTEGER},
            </if>
            <if test="attributeValueImg != null">
                #{attributeValueImg,jdbcType=VARCHAR},
            </if>
        </trim>
    </insert>

    <select id="count" parameterType="com.xjmzstarauto.store.goods.model.param.GoodsResourceAttributeQueryPARAM"
            resultType="java.lang.Integer">
        select count(1)
        from
        <include refid="table"/>
        where
        <include refid="Base_Page_Where"/>
    </select>

    <select id="getList" parameterType="com.xjmzstarauto.store.goods.model.param.GoodsResourceAttributeQueryPARAM"
            resultMap="BaseResultMap">
        select
        <include refid="Base_Column_List"/>
        from
        <include refid="table"/>
        where
        <include refid="Base_Page_Where"/>
    </select>

    <select id="selectByResource"
            parameterType="com.xjmzstarauto.store.goods.model.param.GoodsResourceAttributeQueryPARAM"
            resultMap="BaseResultMap">
        select
        <include refid="Base_Column_List"/>
        from
        <include refid="table"/>
        where resource_id =#{resourceId} and resource_type=#{resourceType}
    </select>

    <!-- 分页查询查询条件 -->
    <sql id="Base_Page_Where">
        1=1
        <if test=" param != null ">
            <if test=" param.id != null">
                and `id` = #{param.id}
            </if>
            <if test=" param.resourceId != null">
                and `resource_id` = #{param.resourceId}
            </if>
            <if test=" param.resourceType != null">
                and `resource_type` = #{param.resourceType}
            </if>
            <if test=" param.typeAttribute != null">
                and `type_attribute` = #{param.typeAttribute}
            </if>
            <if test=" param.categoryId != null">
                and `category_id` = #{param.categoryId}
            </if>
            <if test=" param.attributeId != null">
                and `attribute_id` = #{param.attributeId}
            </if>
            <if test=" param.attributeValue != null">
                and `attribute_value` = #{param.attributeValue}
            </if>
            <if test=" param.attributeValueLike != null">
                and `attribute_value` like concat ('%',#{param.attributeValueLike},'%')
            </if>
            <if test=" param.attributeOrder != null">
                and `attribute_order` = #{param.attributeOrder}
            </if>
            <if test=" param.attributeValueOrder != null">
                and `attribute_value_order` = #{param.attributeValueOrder}
            </if>
            <if test=" param.attributeValueImg != null">
                and `attribute_value_img` = #{param.attributeValueImg}
            </if>
            <if test=" param.attributeValueImgLike != null">
                and `attribute_value_img` like concat ('%',#{param.attributeValueImgLike},'%')
            </if>
        </if>
    </sql>

    <select id="queryByResourceIds" resultMap="BaseResultMap">
        select * from
        <include refid="table"/>
        where resource_id in(
        <foreach collection="resourceIds" item="id" separator=",">
            #{id}
        </foreach>
        )
    </select>

</mapper>

