<?xml version="1.0" encoding="UTF-8"?>
<!DOCTYPE mapper PUBLIC "-//mybatis.org//DTD Mapper 3.0//EN" "http://mybatis.org/dtd/mybatis-3-mapper.dtd">
<mapper namespace="com.xjmzstarauto.store.goods.mapper.GoodsMapper">

    <sql id="table">`goods`</sql>
    <resultMap id="BaseResultMap" type="com.xjmzstarauto.store.goods.model.domain.GoodsDO">
        <id column="id" jdbcType="INTEGER" property="id"/>
        <result column="name" jdbcType="VARCHAR" property="name"/>
        <result column="selling_point" jdbcType="VARCHAR" property="sellingPoint"/>
        <result column="category_id" jdbcType="INTEGER" property="categoryId"/>
        <result column="purchase_num" jdbcType="INTEGER" property="purchaseNum"/>
        <result column="purchase_separately" jdbcType="INTEGER" property="purchaseSeparately"/>
        <result column="cart" jdbcType="INTEGER" property="cart"/>
        <result column="video_url" jdbcType="VARCHAR" property="videoUrl"/>
        <result column="main_images" jdbcType="VARCHAR" property="mainImages"/>
        <result column="description" jdbcType="VARCHAR" property="description"/>
        <result column="detail_images"  jdbcType="VARCHAR" property="detailImages"/>
        <result column="shelve_status" jdbcType="INTEGER" property="shelveStatus"/>
        <result column="shelve_time" jdbcType="TIMESTAMP" property="shelveTime"/>
        <result column="goods_code" jdbcType="VARCHAR" property="goodsCode"/>
        <result column="creator_id" jdbcType="VARCHAR" property="creatorId"/>
        <result column="creator_name" jdbcType="VARCHAR" property="creatorName"/>
        <result column="gmt_create" jdbcType="TIMESTAMP" property="gmtCreate"/>
        <result column="modifier_id" jdbcType="VARCHAR" property="modifierId"/>
        <result column="modifier_name" jdbcType="VARCHAR" property="modifierName"/>
        <result column="gmt_modified" jdbcType="TIMESTAMP" property="gmtModified"/>
        <result column="active" jdbcType="INTEGER" property="active"/>
        <result column="goods_extend" jdbcType="VARCHAR" property="goodsExtend" />
        <result column="show_sort" jdbcType="INTEGER" property="showSort" />
    </resultMap>
    <sql id="Base_Column_List">
         `id` , `name` , `selling_point` , `category_id` , `purchase_num` , `purchase_separately`
             , `cart` , `video_url` , `main_images` , `description` , `detail_images` , `shelve_status`
             , `shelve_time` , `goods_code` , `creator_id` , `creator_name` , `gmt_create`
             , `modifier_id` , `modifier_name` , `gmt_modified` , `active` , `goods_extend`,show_sort
    </sql>

    <select id="selectByPrimaryKey" parameterType="java.lang.Integer" resultMap="BaseResultMap">
        select
        <include refid="Base_Column_List" />
        from <include refid="table"/> 
        where
            `id` = #{id,jdbcType=INTEGER}
    </select>

    <select id="selectByCategoryId" parameterType="java.lang.Integer" resultMap="BaseResultMap">
        select
        <include refid="Base_Column_List" />
        from <include refid="table"/>
        where
        `category_id` = #{categoryId,jdbcType=INTEGER} and `shelve_status` = 1
    </select>

    <select id="findByGoodsCode" parameterType="java.lang.String" resultMap="BaseResultMap">
        select
        <include refid="Base_Column_List" />
        from <include refid="table"/>
        where
        `goods_code` = #{goodsCode,jdbcType=VARCHAR}
    </select>

    <select id="selectByAttributeId" parameterType="java.lang.Integer" resultMap="BaseResultMap">
        select
        a.*
        from <include refid="table"/> a left join  goods_resource_attribute b on a.id = b.resource_id
        where
        b.attribute_id = #{attributeId,jdbcType=INTEGER} and a.shelve_status = 1
    </select>

    <delete id="deleteByPrimaryKey" parameterType="java.lang.Integer">
        delete
        from <include refid="table"/>
        where
            `id` = #{id,jdbcType=INTEGER}
    </delete>

    <insert id="insertSelective" parameterType="com.xjmzstarauto.store.goods.model.domain.GoodsDO" useGeneratedKeys="true" keyProperty="id">
        insert into
        <include refid="table"/>
        <trim prefix="(" suffix=")" suffixOverrides=",">
            <if test="name != null">
                `name`,
            </if>
            <if test="sellingPoint != null">
                `selling_point`,
            </if>
            <if test="categoryId != null">
                `category_id`,
            </if>
            <if test="purchaseNum != null">
                `purchase_num`,
            </if>
            <if test="purchaseSeparately != null">
                `purchase_separately`,
            </if>
            <if test="cart != null">
                `cart`,
            </if>
            <if test="videoUrl != null">
                `video_url`,
            </if>
            <if test="mainImages != null">
                `main_images`,
            </if>
            <if test="description != null">
                `description`,
            </if>
            <if test="detailImages != null">
                `detail_images`,
            </if>
            <if test="shelveStatus != null">
                `shelve_status`,
            </if>
            <if test="shelveTime != null">
                `shelve_time`,
            </if>
            <if test="goodsCode != null">
                `goods_code`,
            </if>
            <if test="creatorId != null">
                `creator_id`,
            </if>
            <if test="creatorName != null">
                `creator_name`,
            </if>
            <if test="gmtCreate != null">
                `gmt_create`,
            </if>
            <if test="modifierId != null">
                `modifier_id`,
            </if>
            <if test="modifierName != null">
                `modifier_name`,
            </if>
            <if test="gmtModified != null">
                `gmt_modified`,
            </if>
            <if test="active != null">
                `active`,
            </if>
            <if test="goodsExtend != null">
                `goods_extend`,
            </if>
        </trim>
        <trim prefix="values (" suffix=")" suffixOverrides=",">
             <if test="name != null">
                #{name,jdbcType=VARCHAR},
             </if>
             <if test="sellingPoint != null">
                #{sellingPoint,jdbcType=VARCHAR},
             </if>
             <if test="categoryId != null">
                #{categoryId,jdbcType=INTEGER},
             </if>
             <if test="purchaseNum != null">
                #{purchaseNum,jdbcType=INTEGER},
             </if>
             <if test="purchaseSeparately != null">
                #{purchaseSeparately,jdbcType=INTEGER},
             </if>
             <if test="cart != null">
                #{cart,jdbcType=INTEGER},
             </if>
             <if test="videoUrl != null">
                #{videoUrl,jdbcType=VARCHAR},
             </if>
             <if test="mainImages != null">
                #{mainImages,jdbcType=VARCHAR},
             </if>
             <if test="description != null">
                #{description,jdbcType=VARCHAR},
             </if>
             <if test="detailImages != null">
                #{detailImages,jdbcType=VARCHAR},
             </if>
             <if test="shelveStatus != null">
                #{shelveStatus,jdbcType=INTEGER},
             </if>
             <if test="shelveTime != null">
                #{shelveTime,jdbcType=TIMESTAMP},
             </if>
             <if test="goodsCode != null">
                #{goodsCode,jdbcType=VARCHAR},
             </if>
             <if test="creatorId != null">
                #{creatorId,jdbcType=VARCHAR},
             </if>
             <if test="creatorName != null">
                #{creatorName,jdbcType=VARCHAR},
             </if>
             <if test="gmtCreate != null">
                #{gmtCreate,jdbcType=TIMESTAMP},
             </if>
             <if test="modifierId != null">
                #{modifierId,jdbcType=VARCHAR},
             </if>
             <if test="modifierName != null">
                #{modifierName,jdbcType=VARCHAR},
             </if>
             <if test="gmtModified != null">
                #{gmtModified,jdbcType=TIMESTAMP},
             </if>
             <if test="active != null">
                #{active,jdbcType=INTEGER},
             </if>
             <if test="goodsExtend != null">
                #{goodsExtend,jdbcType=VARCHAR},
             </if>
        </trim>
    </insert>

    <update id="updateByPrimaryKeySelective" parameterType="com.xjmzstarauto.store.goods.model.domain.GoodsDO">
        update
        <include refid="table"/>
        <set>
            <if test="name != null">
                `name` = #{name,jdbcType=VARCHAR},
            </if>
            <if test="sellingPoint != null">
                `selling_point` = #{sellingPoint,jdbcType=VARCHAR},
            </if>
            <if test="categoryId != null">
                `category_id` = #{categoryId,jdbcType=INTEGER},
            </if>
            <if test="purchaseNum != null">
                `purchase_num` = #{purchaseNum,jdbcType=INTEGER},
            </if>
            <if test="purchaseSeparately != null">
                `purchase_separately` = #{purchaseSeparately,jdbcType=INTEGER},
            </if>
            <if test="cart != null">
                `cart` = #{cart,jdbcType=INTEGER},
            </if>
            <if test="videoUrl != null">
                `video_url` = #{videoUrl,jdbcType=VARCHAR},
            </if>
            <if test="mainImages != null">
                `main_images` = #{mainImages,jdbcType=VARCHAR},
            </if>
            <if test="description != null">
                `description` = #{description,jdbcType=VARCHAR},
            </if>
            <if test="detailImages != null">
                `detail_images` = #{detailImages,jdbcType=VARCHAR},
            </if>
            <if test="shelveStatus != null">
                `shelve_status` = #{shelveStatus,jdbcType=INTEGER},
            </if>
            <if test="shelveTime != null">
                `shelve_time` = #{shelveTime,jdbcType=TIMESTAMP},
            </if>
            <if test="shelveStatus != null and shelveStatus == 0 and shelveTime == null">
                `shelve_time` = null,
            </if>
            <if test="goodsCode != null">
                `goods_code` = #{goodsCode,jdbcType=VARCHAR},
            </if>
            <if test="creatorId != null">
                `creator_id` = #{creatorId,jdbcType=VARCHAR},
            </if>
            <if test="creatorName != null">
                `creator_name` = #{creatorName,jdbcType=VARCHAR},
            </if>
            <if test="gmtCreate != null">
                `gmt_create` = #{gmtCreate,jdbcType=TIMESTAMP},
            </if>
            <if test="modifierId != null">
                `modifier_id` = #{modifierId,jdbcType=VARCHAR},
            </if>
            <if test="modifierName != null">
                `modifier_name` = #{modifierName,jdbcType=VARCHAR},
            </if>
            <if test="gmtModified != null">
                `gmt_modified` = #{gmtModified,jdbcType=TIMESTAMP},
            </if>
            <if test="active != null">
                `active` = #{active,jdbcType=INTEGER},
            </if>
            <if test="goodsExtend != null">
                `goods_extend` = #{goodsExtend,jdbcType=VARCHAR},
            </if>

            <if test="showSort != null">
                `show_sort` = #{showSort,jdbcType=INTEGER}
            </if>
        </set>
        where
            `id` = #{id,jdbcType=INTEGER}
    </update>

    <select id="count" parameterType="com.xjmzstarauto.store.goods.model.param.GoodsQueryPARAM" resultType="java.lang.Integer">
        select count(1)
        from <include refid="table"/> 
        where <include refid="Base_Page_Where"/>
    </select>

    <select id="getList" parameterType="com.xjmzstarauto.store.goods.model.param.GoodsQueryPARAM" resultMap="BaseResultMap">
        select <include refid="Base_Column_List"/>
        from <include refid="table"/> 
        where <include refid="Base_Page_Where"/>
    </select>

    <select id="findListByIds" resultMap="BaseResultMap">
        select <include refid="Base_Column_List"/>
        from <include refid="table"/>
        where `id` IN
            <foreach collection="goodsIds" item="goods" open="(" separator="," close=")">
            #{goods}
            </foreach>
    </select>

    <!-- 分页查询查询条件 -->
    <sql id="Base_Page_Where">
        1=1
        <if test=" param != null ">
            <if test=" param.id != null">
                and `id` = #{param.id}
            </if>
            <if test=" param.nameLike != null">
                and `name` like concat ('%',#{param.nameLike},'%')
            </if>
            <if test=" param.shelveStatus != null">
                and (`shelve_status` = #{param.shelveStatus} and shelve_time is null) or (`shelve_status` = #{param.shelveStatus} and shelve_time > now())
            </if>
            <if test=" param.goodsCodeLike != null">
                and `goods_code` like concat ('%',#{param.goodsCodeLike},'%')
            </if>
        </if>
    </sql>

    <select id="findBaseGoodsFlow" resultType="com.xjmzstarauto.store.goods.model.domain.BaseGoodsDO">
        SELECT
	      category_id as categoryId,
	      id as goodsId,
	      main_images as goodsImage,
	      selling_point as sellingPoint,
	      NAME as goodsName,
	      shelve_status as goodsShelveStatus,
	      gmt_modified as gmtModified,
	      gmt_create as gmtCreate
        FROM
	      goods
        where 1=1
        <if test="id != null">
            and id >= #{id,jdbcType=INTEGER}
        </if>
        <if test="gmtModified != null">
            and gmt_modified > #{gmtModified,jdbcType=TIMESTAMP}
        </if>
        order by id asc
        <if test="num != null">
	      LIMIT #{num}
        </if>
    </select>

    <select id="findBaseGoodsBySort" resultType="com.xjmzstarauto.store.goods.model.domain.BaseGoodsDO">
        SELECT
	      category_id as categoryId,
	      id as goodsId,
	      main_images as goodsImage,
	      selling_point as sellingPoint,
	      NAME as goodsName,
	      shelve_status as goodsShelveStatus,
	      gmt_modified as gmtModified,
	      gmt_create as gmtCreate
        FROM
	      goods
        where shelve_status in (0,1) order by show_sort DESC,id DESC LIMIT #{pageNo},#{pageSize}
    </select>

    <update id="updateShelveTimeById" parameterType="com.xjmzstarauto.store.goods.model.domain.GoodsDO">
        update
        <include refid="table"/>
        <set>
            <if test="shelveStatus != null">
                `shelve_status` = #{shelveStatus,jdbcType=INTEGER},
            </if>
                `shelve_time` = #{shelveTime,jdbcType=TIMESTAMP},
            <if test="gmtCreate != null">
                `gmt_create` = #{gmtCreate,jdbcType=TIMESTAMP},
            </if>
            <if test="gmtModified != null">
                `gmt_modified` = #{gmtModified,jdbcType=TIMESTAMP},
            </if>
            <if test="modifierId != null">
                `modifier_id` = #{modifierId,jdbcType=VARCHAR},
            </if>
            <if test="modifierName != null">
                `modifier_name` = #{modifierName,jdbcType=VARCHAR},
            </if>
        </set>
        where
        `id` = #{id,jdbcType=INTEGER}
    </update>

</mapper>

