<?xml version="1.0" encoding="UTF-8"?>
<!DOCTYPE mapper PUBLIC "-//mybatis.org//DTD Mapper 3.0//EN" "http://mybatis.org/dtd/mybatis-3-mapper.dtd">
<mapper namespace="com.xjmz.order.center.dao.mapper.AppNodeMapper">

    <resultMap id="BaseResultMap" type="com.xjmz.order.center.dao.entity.AppNodeDO">
        <id column="id"  property="id"/>
        <result column="app_key"  property="appKey"/>
        <result column="app_id"  property="appId"/>
        <result column="ip"  property="ip"/>
        <result column="created_time" property="createdTime" />
        <result column="updated_time" property="updatedTime" />
    </resultMap>
    <sql id="Base_Column_List">
         `id` , `app_key` , `app_id` , `ip` , `created_time` , `updated_time`
    </sql>

    <select id="selectByPrimaryKey" parameterType="java.lang.Long" resultMap="BaseResultMap">
        select
        <include refid="Base_Column_List" />
        from app_node
        where
            `id` = #{id,jdbcType=BIGINT}
    </select>


    <delete id="deleteByPrimaryKey" parameterType="java.lang.Long">
        delete
        from app_node
        where
            `id` = #{id,jdbcType=BIGINT}
    </delete>

    <delete id="deleteByAppKeyAndAppId">
        delete
        from app_node
        where
            `app_key` = #{appKey,jdbcType=VARCHAR} and `app_id` = #{appId,jdbcType=INTEGER}
    </delete>

    <update id="deleteByCreateLt3Month">
        delete
        from app_node
        where
        `created_time` &lt; DATE_ADD(NOW(),INTERVAL -3 MONTH)
    </update>


</mapper>

