<?xml version="1.0" encoding="UTF-8"?>
<!DOCTYPE mapper PUBLIC "-//mybatis.org//DTD Mapper 3.0//EN" "http://mybatis.org/dtd/mybatis-3-mapper.dtd">
<mapper namespace="com.xjmz.order.center.dao.mapper.OrderRecordMapper">

    <resultMap id="BaseResultMap" type="com.xjmz.order.center.dao.entity.OrderRecordDO">
        <id column="id" jdbcType="BIGINT" property="id"/>
        <result column="order_sn"  property="orderSn"/>
        <result column="opt_action_name"  property="optActionName"/>
        <result column="opt_desc"  property="optDesc"/>
        <result column="opt_content"  property="optContent"/>
        <result column="creator_id"  property="creatorId"/>
        <result column="creator_name"  property="creatorName"/>
        <result column="created_time" property="createdTime" />
        <result column="updated_time" property="updatedTime" />
    </resultMap>
    <sql id="Base_Column_List">
         `id` , `order_sn` , `opt_action_name` , `opt_desc` , `opt_content` , `creator_id` , `creator_name` ,  `created_time` ,`updated_time`
    </sql>

    <select id="selectByPrimaryKey" parameterType="java.lang.Long" resultMap="BaseResultMap">
        select
        <include refid="Base_Column_List" />
        from app_order_record
        where
            `id` = #{id,jdbcType=BIGINT}
    </select>


    <delete id="deleteByPrimaryKey" parameterType="java.lang.Long">
        delete
        from app_order_record
        where
            `id` = #{id,jdbcType=BIGINT}
    </delete>



</mapper>

