<?xml version="1.0" encoding="UTF-8"?>
<!DOCTYPE mapper PUBLIC "-//mybatis.org//DTD Mapper 3.0//EN" "http://mybatis.org/dtd/mybatis-3-mapper.dtd">
<mapper namespace="com.xjmz.order.center.dao.mapper.OrderMapper">

    <resultMap id="BaseResultMap" type="com.xjmz.order.center.dao.entity.OrderDO">
        <id column="id"  property="id"/>
        <result column="order_sn" property="orderSn"/>
        <result column="smp_sn" property="smpSn"/>
        <result column="order_type"  property="orderType"/>
        <result column="app_source"  property="appSource"/>
        <result column="user_id" property="userId"/>
        <result column="user_name" property="userName"/>
        <result column="user_tel" property="userTel"/>
        <result column="need_pay"  property="needPay"/>
        <result column="real_pay"  property="realPay"/>
        <result column="app_status"  property="appStatus"/>
        <result column="receiver_time" property="receiverTime"/>
        <result column="series_code" property="seriesCode"/>
        <result column="model_code" property="modelCode"/>
        <result column="item_sku_id"  property="itemSkuId"/>
        <result column="equity_money"  property="equityMoney"/>
        <result column="user_remark" property="userRemark"/>
        <result column="admin_remark" property="adminRemark"/>
        <result column="tail_finish_time"  property="tailFinishTime"/>
        <result column="tail_pay"  property="tailPay"/>
        <result column="locked_time"  property="lockedTime"/>
        <result column="vin"  property="vin"/>
        <result column="buying_source"  property="buyingSource"/>
        <result column="created_time" property="createdTime" />
        <result column="updated_time" property="updatedTime" />
        <result column="del_flag" property="delFlag" />
        <result column="created_by" jdbcType="VARCHAR" property="createdBy"/>
        <result column="updated_by" jdbcType="VARCHAR" property="updatedBy"/>
    </resultMap>
    <!--根据用户id查询订单列表-->
    <select id="selectByUserId" resultType="com.xjmz.order.center.dao.po.OrderQueryListPO">
        select
            a.id as orderId,
            a.order_sn ,
            a.smp_sn ,
            a.user_id ,
            a.need_pay,
            a.real_pay,
            a.app_status,
            a.created_time,
            a.series_code,
            a.model_code,

            b.created_time  little_create_time,
            b.app_status littleStatus,
            b.real_pay littleRealPay,

            c.created_time  big_create_time,
            c.app_status bigStatus,
            c.real_pay bigRealPay
        from app_order as a
                 left join app_order_child  b on a.order_sn=b.order_sn and b.app_source=1
                 left join app_order_child  c on a.order_sn=c.order_sn and c.app_source=3
        where a.user_id = #{userId}
        <if test="orderSn != null and orderSn !=''">
            and a.order_sn = #{orderSn}
        </if>

        <if test="statusList != null and statusList.size()>0">
            and a.app_status in
            <foreach collection="statusList" index="index" item="item" open="(" separator="," close=")">
                #{item}
            </foreach>
        </if>
          and a.del_flag=0
        order by a.created_time desc
    </select>


    <!--根据订单号查询订单详情-->
    <select id="selectDetail" resultType="com.xjmz.order.center.dao.po.OrderQueryDetailPO">
        select
            a.id as orderId,
            a.order_sn ,
            a.smp_sn ,
            a.user_id ,
            a.user_tel,
            a.need_pay ,
            a.real_pay,
            a.app_status,
            a.created_time,
            a.locked_time,
            a.series_code,
            a.model_code,
            a.vin,
            a.tail_pay,
            a.tail_finish_time,

            b.app_status  little_status,
            b.created_time  little_create_time,
            b.need_pay little_need_pay,
            b.real_pay little_real_pay,
            b.pay_time little_pay_time,
            b.pay_tool little_pay_tool,
            b.pay_serial_no little_pay_serial_no,

            b.refund_pay_time little_reund_pay_time,
            b.refund_serial_no little_refund_serial_no,
            b.refund_amount  little_refund_amount,

            c.app_status  big_status,
            c.created_time  big_create_time,
            c.need_pay big_need_pay,
            c.pay_time big_pay_time,
            c.pay_tool big_pay_tool,
            c.pay_serial_no big_pay_serial_no,
            c.real_pay big_real_pay,

            c.refund_pay_time big_reund_pay_time,
            c.refund_serial_no big_refund_serial_no,
            c.refund_amount  big_refund_amount,

            d.receiver_store_code receiverStoreCode,
            d.receiver_store_name receiverStoreName,
            d.sale_store_code saleStoreCode,
            d.sale_store_name saleStoreName,
            d.enterprise_name enterpriseName,
            d.enterprise_code enterpriseCode,
            d.owner_type ownerType,
            d.owner_address ownerAddress,
            d.owner_tel ownerTel,
            d.owner_name ownerName,
            d.owner_card_no ownerCardNo,
            d.owner_mail ownerMail,
            d.owner_card_type ownerCardType

        from app_order as a
                 left join app_order_child  b on a.order_sn=b.order_sn and b.app_source=1
                 left join app_order_child  c on a.order_sn=c.order_sn and c.app_source=3
                 left join app_order_buy_info  d on a.order_sn=d.order_sn
        where a.order_sn = #{orderSn} and a.del_flag=0
    </select>

</mapper>

