<?xml version="1.0" encoding="UTF-8"?>
<!DOCTYPE mapper PUBLIC "-//mybatis.org//DTD Mapper 3.0//EN" "http://mybatis.org/dtd/mybatis-3-mapper.dtd">
<mapper namespace="com.xjmz.order.center.dao.mapper.OrderBuyInfoMapper">

    <resultMap id="BaseResultMap" type="com.xjmz.order.center.dao.entity.OrderBuyInfoDO">
        <id column="id"  property="id"/>
        <result column="order_sn" property="orderSn"/>
        <result column="receiver_store_code"  property="receiverStoreCode"/>
        <result column="receiver_store_name"  property="receiverStoreName"/>
        <result column="sale_store_name"  property="saleStoreName"/>
        <result column="sale_store_code"  property="saleStoreCode"/>
        <result column="enterprise_name" property="enterpriseName"/>
        <result column="enterprise_code" property="enterpriseCode"/>
        <result column="purchase_plan"  property="purchasePlan"/>
        <result column="owner_type" property="ownerType"/>
        <result column="owner_address" property="ownerAddress"/>
        <result column="owner_tel" property="ownerTel"/>
        <result column="owner_name" property="ownerName"/>
        <result column="owner_mail" property="ownerMail"/>
        <result column="owner_card_type" property="ownerCardType"/>
        <result column="owner_card_no" property="ownerCardNo"/>
        <result column="created_time" property="createdTime" />
        <result column="updated_time" property="updatedTime" />
        <result column="del_flag" property="delFlag" />
        <result column="created_by" jdbcType="VARCHAR" property="createdBy"/>
        <result column="updated_by" jdbcType="VARCHAR" property="updatedBy"/>
    </resultMap>



</mapper>

