<?xml version="1.0" encoding="UTF-8"?>
<!DOCTYPE mapper PUBLIC "-//mybatis.org//DTD Mapper 3.0//EN" "http://mybatis.org/dtd/mybatis-3-mapper.dtd">
<mapper namespace="com.xjmz.order.center.dao.mapper.OrderChildMapper">

    <resultMap id="BaseResultMap" type="com.xjmz.order.center.dao.entity.OrderChildDO">
        <id column="id"  property="id"/>
        <result column="order_id"  property="orderId"/>
        <result column="order_sn"  property="orderSn"/>
        <result column="smp_sn"  property="smpSn"/>
        <result column="order_type"  property="orderType"/>
        <result column="app_source"  property="appSource"/>
        <result column="app_status"  property="appStatus"/>
        <result column="pay_tool"  property="payTool"/>
        <result column="pay_time"  property="payTime"/>
        <result column="request_time"  property="requestTime"/>
        <result column="complete_time"  property="completeTime"/>
        <result column="pay_serial_no"  property="paySerialNo"/>
        <result column="pay_third_party_trade_no"  property="payThirdPartyTradeNo"/>
        <result column="refund_serial_no"  property="refundSerialNo"/>
        <result column="refund_amount"  property="refundAmount"/>
        <result column="refund_compled_time"  property="refundCompledTime"/>
        <result column="refund_reson"  property="refundReson"/>
        <result column="refund_request_time"  property="refundRequestTime"/>
        <result column="refund_pay_time"  property="refundPayTime"/>
        <result column="refund_fail_reson"  property="refundFailReson"/>
        <result column="refund_query_num"  property="refundQueryNum"/>
        <result column="sms_notify_num"  property="smsNotifyNum"/>
        <result column="user_id"  property="userId"/>
        <result column="item_sku_id"  property="itemSkuId"/>
        <result column="activity_id"  property="activityId"/>
        <result column="equity_money"  property="equityMoney"/>
        <result column="need_pay"  property="needPay"/>
        <result column="real_pay"  property="realPay"/>
        <result column="point_status"  property="pointStatus"/>
        <result column="created_time" property="createdTime" />
        <result column="updated_time" property="updatedTime" />
        <result column="del_flag" property="delFlag" />
        <result column="created_by" jdbcType="VARCHAR" property="createdBy"/>
        <result column="updated_by" jdbcType="VARCHAR" property="updatedBy"/>
    </resultMap>

</mapper>

