<?xml version="1.0" encoding="UTF-8"?>
<!DOCTYPE mapper PUBLIC "-//mybatis.org//DTD Mapper 3.0//EN" "http://mybatis.org/dtd/mybatis-3-mapper.dtd">
<mapper namespace="com.xjmz.order.center.dao.mapper.OrderTailPayRecordMapper">

    <resultMap id="BaseResultMap" type="com.xjmz.order.center.dao.entity.OrderTailPayRecordDO">
        <id column="id"  property="id"/>
        <result column="order_sn" property="orderSn"/>
        <result column="batch_num" property="batchNum"/>
        <result column="tail_pay"  property="tailPay"/>
        <result column="tail_serial_no"  property="tailSerialNo"/>
        <result column="operate_reason" property="operateReason"/>
        <result column="tail_result" property="tailResult"/>
        <result column="remark" property="remark"/>
        <result column="created_time" property="createdTime" />
        <result column="updated_time" property="updatedTime" />
        <result column="del_flag" property="delFlag" />
        <result column="created_by" jdbcType="VARCHAR" property="createdBy"/>
        <result column="updated_by" jdbcType="VARCHAR" property="updatedBy"/>
    </resultMap>


</mapper>

