<?xml version="1.0"?>
<?xml-stylesheet type="text/xsl" href="configuration.xsl"?>


<configuration>
    <property>
        <name>javax.jdo.option.ConnectionURL</name>
        <value>jdbc:postgresql://hive_ip:5432/metastore?createDatabaseIfNotExist=true</value>
        <description>JDBC connect string for a JDBC metastore</description>
    </property>

    <property>
        <name>javax.jdo.option.ConnectionDriverName</name>
        <value>org.postgresql.Driver</value>
        <description>Driver class name for a JDBC metastore</description>
    </property>

    <property>
        <name>javax.jdo.option.ConnectionUserName</name>
        <value>hive</value>
        <description>username to use against metastore database</description>
    </property>

    <property>
        <name>javax.jdo.option.ConnectionPassword</name>
        <value>hive</value>
        <description>password to use against metastore database</description>
    </property>

    <property>
        <name>hive.metastore.uris</name>
        <value>thrift://hive_ip:9083</value>
        <description>Thrift URI for the remote metastore. Used by metastore client to connect to remote metastore.
        </description>
    </property>

    <property>
        <name>datanucleus.schema.autoCreateAll</name>
        <value>true</value>
    </property>

</configuration>