userId,content,url
13788881111,尊贵的B站用户,https://www.baidu.com/
13788881112,尊贵的鲁智深用户,https://www.baidu.com/
13788881113,尊贵的孙悟空用户,https://www.baidu.com/
13788881114,尊贵的沙和尚用户,https://www.baidu.com/
13788881115,尊贵的西施用户,https://www.baidu.com/
13788881116,尊贵的安琪拉用户,https://www.baidu.com/
13788881117,尊贵的小鱼人用户,https://www.baidu.com/
13788881118,尊贵的德玛西亚用户,https://www.baidu.com/
13788881119,尊贵的侠剑客用户,https://www.baidu.com/
13788881120,尊贵的梦幻西游用户,https://www.baidu.com/
13788881121,尊贵的网易云用户,https://www.baidu.com/
