<?xml version="1.0" encoding="UTF-8" ?>
<!DOCTYPE mapper
PUBLIC "-//mybatis.org//DTD Mapper 3.0//EN"
"http://mybatis.org/dtd/mybatis-3-mapper.dtd">
<mapper namespace="com.xjmz.message.support.mapper.UserInboxMessageMapper">

	<resultMap id="UserInboxMessageVo" type="com.xjmz.message.support.vo.UserInboxMessageVo">
		<id     property="id"     column="id"     />
		<result property="userId"   column="user_id"   />
		<result property="title"  column="title"   />
		<result property="content"   column="content"   />
		<result property="categoryId"   column="category_id"   />
		<result property="status"     column="status"      />
		<result property="createTime" column="create_time" />
		<result property="updateTime" column="update_time" />
	</resultMap>
	
	<select id="pageList" parameterType="map" resultMap="UserInboxMessageVo">
		select uim.id, user_id, title, content, `status`, category_id, uim.create_time, uim.update_time
		from t_message_user_inbox_message uim left join t_message_inbox_message im on uim.inbox_message_id = im.id
        where im.delete_flag = 0
          and user_id = #{userId}
		<if test="title != null and title != ''">
			AND title like concat('%', #{title}, '%')
		</if>
        <if test="categoryId != null and categoryId != 0">
			AND category_id = #{categoryId}
		</if>
		<if test="status != null">
			AND `status` = #{status}
		</if>
		
    </select>

</mapper> 