<?xml version="1.0" encoding="UTF-8"?>
<!DOCTYPE mapper PUBLIC "-//mybatis.org//DTD Mapper 3.0//EN" "http://mybatis.org/dtd/mybatis-3-mapper.dtd">
<mapper namespace="com.xjmzstarauto.store.support.business.mapper.AddressMapper">

    <sql id="table">`address`</sql>
    <resultMap id="BaseResultMap" type="com.xjmzstarauto.store.support.business.model.domain.AddressDO">
        <id column="id" jdbcType="INTEGER" property="id"/>
        <result column="uid" jdbcType="VARCHAR" property="uid"/>
        <result column="recipient" jdbcType="VARCHAR" property="recipient"/>
        <result column="phone_aes" jdbcType="VARCHAR" property="phoneAes"/>
        <result column="province_id" jdbcType="BIGINT" property="provinceId"/>
        <result column="city_id" jdbcType="BIGINT" property="cityId"/>
        <result column="region_id" jdbcType="BIGINT" property="regionId"/>
        <result column="detail_aes" jdbcType="VARCHAR" property="detailAes"/>
        <result column="default_flag" jdbcType="INTEGER" property="defaultFlag"/>
        <result column="gmt_create" jdbcType="TIMESTAMP" property="gmtCreate"/>
        <result column="gmt_modified" jdbcType="TIMESTAMP" property="gmtModified"/>
    </resultMap>
    <sql id="Base_Column_List">
         `id` , `uid` , `recipient` , `phone_aes` , `province_id` , `city_id` , `region_id` , `detail_aes` , `default_flag` , `gmt_create` , `gmt_modified`
    </sql>

    <select id="selectByPrimaryKey" parameterType="java.lang.Integer" resultMap="BaseResultMap">
        select
        <include refid="Base_Column_List" />
        from <include refid="table"/> 
        where
            `id` = #{id,jdbcType=INTEGER}
    </select>


    <delete id="deleteByPrimaryKey" parameterType="java.lang.Integer">
        delete
        from <include refid="table"/>
        where
            `id` = #{id,jdbcType=INTEGER}
    </delete>

    <insert id="insertSelective" parameterType="com.xjmzstarauto.store.support.business.model.domain.AddressDO" useGeneratedKeys="true" keyProperty="id">
        insert into
        <include refid="table"/>
        <trim prefix="(" suffix=")" suffixOverrides=",">
            <if test="uid != null">
                `uid`,
            </if>
            <if test="recipient != null">
                `recipient`,
            </if>
            <if test="phoneAes != null">
                `phone_aes`,
            </if>
            <if test="provinceId != null">
                `province_id`,
            </if>
            <if test="cityId != null">
                `city_id`,
            </if>
            <if test="regionId != null">
                `region_id`,
            </if>
            <if test="detailAes != null">
                `detail_aes`,
            </if>
            <if test="defaultFlag != null">
                `default_flag`,
            </if>
            <if test="gmtCreate != null">
                `gmt_create`,
            </if>
            <if test="gmtModified != null">
                `gmt_modified`,
            </if>
        </trim>
        <trim prefix="values (" suffix=")" suffixOverrides=",">
             <if test="uid != null">
                #{uid,jdbcType=VARCHAR},
             </if>
             <if test="recipient != null">
                #{recipient,jdbcType=VARCHAR},
             </if>
             <if test="phoneAes != null">
                #{phoneAes,jdbcType=VARCHAR},
             </if>
             <if test="provinceId != null">
                #{provinceId,jdbcType=BIGINT},
             </if>
             <if test="cityId != null">
                #{cityId,jdbcType=BIGINT},
             </if>
             <if test="regionId != null">
                #{regionId,jdbcType=BIGINT},
             </if>
             <if test="detailAes != null">
                #{detailAes,jdbcType=VARCHAR},
             </if>
             <if test="defaultFlag != null">
                #{defaultFlag,jdbcType=INTEGER},
             </if>
             <if test="gmtCreate != null">
                #{gmtCreate,jdbcType=TIMESTAMP},
             </if>
             <if test="gmtModified != null">
                #{gmtModified,jdbcType=TIMESTAMP},
             </if>
        </trim>
    </insert>

    <update id="updateByPrimaryKeySelective" parameterType="com.xjmzstarauto.store.support.business.model.domain.AddressDO">
        update
        <include refid="table"/>
        <set>
            <if test="uid != null">
                `uid` = #{uid,jdbcType=VARCHAR},
            </if>
            <if test="recipient != null">
                `recipient` = #{recipient,jdbcType=VARCHAR},
            </if>
            <if test="phoneAes != null">
                `phone_aes` = #{phoneAes,jdbcType=VARCHAR},
            </if>
            <if test="provinceId != null">
                `province_id` = #{provinceId,jdbcType=BIGINT},
            </if>
            <if test="cityId != null">
                `city_id` = #{cityId,jdbcType=BIGINT},
            </if>
            <if test="regionId != null">
                `region_id` = #{regionId,jdbcType=BIGINT},
            </if>
            <if test="detailAes != null">
                `detail_aes` = #{detailAes,jdbcType=VARCHAR},
            </if>
            <if test="defaultFlag != null">
                `default_flag` = #{defaultFlag,jdbcType=INTEGER},
            </if>
            <if test="gmtCreate != null">
                `gmt_create` = #{gmtCreate,jdbcType=TIMESTAMP},
            </if>
            <if test="gmtModified != null">
                `gmt_modified` = #{gmtModified,jdbcType=TIMESTAMP},
            </if>
        </set>
        where
            `id` = #{id,jdbcType=INTEGER}
    </update>

    <select id="count" parameterType="com.xjmzstarauto.store.support.business.model.param.addr.AddressQueryPARAM" resultType="java.lang.Integer">
        select count(1)
        from <include refid="table"/> 
        where <include refid="Base_Page_Where"/>
    </select>

    <select id="getList" parameterType="com.xjmzstarauto.store.support.business.model.param.addr.AddressQueryPARAM" resultMap="BaseResultMap">
        select <include refid="Base_Column_List"/>
        from <include refid="table"/> 
        where <include refid="Base_Page_Where"/>
    </select>

    <!-- 分页查询查询条件 -->
    <sql id="Base_Page_Where">
        1=1
        <if test=" param != null ">
            <if test=" param.id != null">
                and `id` = #{param.id}
            </if>
            <if test=" param.uid != null">
                and `uid` = #{param.uid}
            </if>
            <if test=" param.recipient != null">
                and `recipient` = #{param.recipient}
            </if>
            <if test=" param.recipientLike != null">
                and `recipient` like concat ('%',#{param.recipientLike},'%')
            </if>
            <if test=" param.phone != null">
                and `phone_aes` = #{param.phone}
            </if>
            <if test=" param.phoneLike != null">
                and `phone_aes` like concat ('%',#{param.phoneLike},'%')
            </if>
            <if test=" param.provinceId != null">
                and `province_id` = #{param.provinceId}
            </if>
            <if test=" param.cityId != null">
                and `city_id` = #{param.cityId}
            </if>
            <if test=" param.regionId != null">
                and `region_id` = #{param.regionId}
            </if>
            <if test=" param.detail != null">
                and `detail_aes` = #{param.detail}
            </if>
            <if test=" param.detailLike != null">
                and `detail_aes` like concat ('%',#{param.detailLike},'%')
            </if>
            <if test=" param.defaultFlag != null">
                and `default_flag` = #{param.defaultFlag}
            </if>
            <if test=" param.gmtCreate != null">
                and `gmt_create` = #{param.gmtCreate}
            </if>
            <if test=" param.gmtCreateLte != null">
                and `gmt_create` &lt;= #{param.gmtCreateLte}
            </if>
            <if test=" param.gmtCreateLt != null">
                and `gmt_create` &lt; #{param.gmtCreateLt}
            </if>
            <if test=" param.gmtCreateGte != null">
                and `gmt_create` &gt;= #{param.gmtCreateGte}
            </if>
            <if test=" param.gmtCreateGt != null">
                and `gmt_create` &gt; #{param.gmtCreateGt}
            </if>
            <if test=" param.gmtModified != null">
                and `gmt_modified` = #{param.gmtModified}
            </if>
            <if test=" param.gmtModifiedLte != null">
                and `gmt_modified` &lt;= #{param.gmtModifiedLte}
            </if>
            <if test=" param.gmtModifiedLt != null">
                and `gmt_modified` &lt; #{param.gmtModifiedLt}
            </if>
            <if test=" param.gmtModifiedGte != null">
                and `gmt_modified` &gt;= #{param.gmtModifiedGte}
            </if>
            <if test=" param.gmtModifiedGt != null">
                and `gmt_modified` &gt; #{param.gmtModifiedGt}
            </if>
        </if>
    </sql>

    <!-- 根据用户uid查询用户地址列表 -->

    <select id="getPageList" parameterType="com.xjmzstarauto.store.support.business.model.param.addr.AddressQueryPARAM" resultMap="BaseResultMap">
        select <include refid="Base_Column_List"/>
        from <include refid="table"/>
        where
        1=1
        and `uid` = #{param.uid}
    </select>


    <update id="updateByPrimaryKeyAndUserIdSelective" parameterType="com.xjmzstarauto.store.support.business.model.domain.AddressDO">
        update
        <include refid="table"/>
        <set>
            <if test="recipient != null">
                `recipient` = #{recipient,jdbcType=VARCHAR},
            </if>
            <if test="phoneAes != null">
                `phone_aes` = #{phoneAes,jdbcType=VARCHAR},
            </if>
            <if test="provinceId != null">
                `province_id` = #{provinceId,jdbcType=BIGINT},
            </if>
            <if test="cityId != null">
                `city_id` = #{cityId,jdbcType=BIGINT},
            </if>
            <if test="regionId != null">
                `region_id` = #{regionId,jdbcType=BIGINT},
            </if>
            <if test="detailAes != null">
                `detail_aes` = #{detailAes,jdbcType=VARCHAR},
            </if>
            <if test="defaultFlag != null">
                `default_flag` = #{defaultFlag,jdbcType=INTEGER},
            </if>
            <if test="gmtCreate != null">
                `gmt_create` = #{gmtCreate,jdbcType=TIMESTAMP},
            </if>
            <if test="gmtModified != null">
                `gmt_modified` = #{gmtModified,jdbcType=TIMESTAMP},
            </if>
        </set>
        where
        `id` = #{id,jdbcType=INTEGER} and `uid` = #{uid,jdbcType=VARCHAR}
    </update>


    <delete id="deleteAddressByPrimaryKey" parameterType="com.xjmzstarauto.store.support.business.model.domain.AddressDO">
        delete
        from <include refid="table"/>
        where
        `id` = #{id,jdbcType=INTEGER} and `uid` = #{uid,jdbcType=VARCHAR}
    </delete>
    
    <update id="updateAddressDefaultFlag" parameterType="java.lang.String">
        update
        <include refid="table"/>
        set `default_flag` = 0
        where
        `uid` = #{uid,jdbcType=VARCHAR} and `default_flag` = 1
    </update>

<!--    <select id="getDefaultAddress" parameterType="cn.polestar.shop.address.model.param.AddressQueryPARAM" resultMap="cn.polestar.shop.address.model.domain.AddressDO">-->
<!--        select `id`, `detail_aes`, `default_flag`-->
<!--        from-->
<!--        <include refid="table"/>-->
<!--        where-->
<!--        `uid` = #{param.uid} and `default_flag` = 1-->
<!--    </select>-->
</mapper>

