<?xml version="1.0" encoding="UTF-8"?>
<!DOCTYPE mapper PUBLIC "-//mybatis.org//DTD Mapper 3.0//EN" "http://mybatis.org/dtd/mybatis-3-mapper.dtd">
<mapper namespace="com.xjmzstarauto.store.support.business.mapper.AreaMapper">

    <sql id="table">`area`</sql>
    <resultMap id="BaseResultMap" type="com.xjmzstarauto.store.support.business.model.domain.AreaDO">
        <id column="id" jdbcType="BIGINT" property="id"/>
        <result column="code" jdbcType="VARCHAR" property="code"/>
        <result column="parent_id" jdbcType="BIGINT" property="parentId"/>
        <result column="name" jdbcType="VARCHAR" property="name"/>
        <result column="level" jdbcType="INTEGER" property="level"/>
        <result column="sort_num" jdbcType="INTEGER" property="sortNum"/>
        <result column="status" jdbcType="INTEGER" property="status"/>
        <result column="creator_id" jdbcType="VARCHAR" property="creatorId"/>
        <result column="creator_name" jdbcType="VARCHAR" property="creatorName"/>
        <result column="modifier_id" jdbcType="VARCHAR" property="modifierId"/>
        <result column="modifier_name" jdbcType="VARCHAR" property="modifierName"/>
        <result column="gmt_create" jdbcType="TIMESTAMP" property="gmtCreate"/>
        <result column="gmt_modified" jdbcType="TIMESTAMP" property="gmtModified"/>
    </resultMap>
    <sql id="Base_Column_List">
         `id` , `code` , `parent_id` , `name` ,  `level` , `status`, `sort_num` , `gmt_create` , `gmt_modified`
    </sql>

    <select id="selectByPrimaryKey" parameterType="java.lang.Long" resultMap="BaseResultMap">
        select
        <include refid="Base_Column_List" />
        from <include refid="table"/> 
        where
            `id` = #{id,jdbcType=BIGINT}
    </select>


    <delete id="deleteByPrimaryKey" parameterType="java.lang.Long">
        delete
        from <include refid="table"/>
        where
            `id` = #{id,jdbcType=BIGINT}
    </delete>

    <insert id="insertSelective" parameterType="com.xjmzstarauto.store.support.business.model.domain.AreaDO" useGeneratedKeys="true" keyProperty="id">
        insert into
        <include refid="table"/>
        <trim prefix="(" suffix=")" suffixOverrides=",">
            <if test="code != null">
                `code`,
            </if>
            <if test="parentId != null">
                `parent_id`,
            </if>
            <if test="name != null">
                `name`,
            </if>
            <if test="level != null">
                `level`,
            </if>
            <if test="sortNum != null">
                `sort_num`,
            </if>
            <if test="gmtCreate != null">
                `gmt_create`,
            </if>
            <if test="gmtModified != null">
                `gmt_modified`,
            </if>
            <if test="creatorId != null">
                `creator_id`,
            </if>
            <if test="creatorName != null">
                `creator_name`,
            </if>
            <if test="modifierId != null">
                `modifier_id`,
            </if>
            <if test="modifierName != null">
                `creatorName`,
            </if>
        </trim>
        <trim prefix="values (" suffix=")" suffixOverrides=",">
             <if test="code != null">
                #{code,jdbcType=VARCHAR},
             </if>
             <if test="parentId != null">
                #{parentId,jdbcType=BIGINT},
             </if>
             <if test="name != null">
                #{name,jdbcType=VARCHAR},
             </if>
             <if test="level != null">
                #{level,jdbcType=INTEGER},
             </if>
             <if test="sortNum != null">
                #{sortNum,jdbcType=INTEGER},
             </if>
             <if test="gmtCreate != null">
                #{gmtCreate,jdbcType=TIMESTAMP},
             </if>
             <if test="gmtModified != null">
                #{gmtModified,jdbcType=TIMESTAMP},
             </if>
            <if test="creatorId != null">
                #{creator_id,jdbcType=VARCHAR},
            </if>
            <if test="creatorName != null">
                #{creator_name,jdbcType=VARCHAR},
            </if>
            <if test="modifierId != null">
                #{modifier_id,jdbcType=VARCHAR},
            </if>
            <if test="modifierName != null">
                #{modifier_name,jdbcType=VARCHAR},
            </if>
        </trim>
    </insert>

    <update id="updateByPrimaryKeySelective" parameterType="com.xjmzstarauto.store.support.business.model.domain.AreaDO">
        update
        <include refid="table"/>
        <set>
            <if test="code != null">
                `code` = #{code,jdbcType=VARCHAR},
            </if>
            <if test="parentId != null">
                `parent_id` = #{parentId,jdbcType=BIGINT},
            </if>
            <if test="name != null">
                `name` = #{name,jdbcType=VARCHAR},
            </if>
            <if test="level != null">
                `level` = #{level,jdbcType=INTEGER},
            </if>
            <if test="sortNum != null">
                `sort_num` = #{sortNum,jdbcType=INTEGER},
            </if>
            <if test="status != null">
                `status` = #{status,jdbcType=INTEGER},
            </if>
            <if test="gmtCreate != null">
                `gmt_create` = #{gmtCreate,jdbcType=TIMESTAMP},
            </if>
            <if test="gmtModified != null">
                `gmt_modified` = #{gmtModified,jdbcType=TIMESTAMP},
            </if>
            <if test="creatorId != null">
                #{creator_id,jdbcType=VARCHAR},
            </if>
            <if test="creatorName != null">
                #{creator_name,jdbcType=VARCHAR},
            </if>
            <if test="modifierId != null">
                #{modifier_id,jdbcType=VARCHAR},
            </if>
            <if test="modifierName != null">
                #{modifier_name,jdbcType=VARCHAR},
            </if>
        </set>
        where
            `id` = #{id,jdbcType=BIGINT}
    </update>

    <select id="count" parameterType="com.xjmzstarauto.store.support.business.model.param.area.AreaQueryPARAM" resultType="java.lang.Long">
        select count(1)
        from <include refid="table"/> 
        where <include refid="Base_Page_Where"/>
    </select>

    <select id="getList" parameterType="com.xjmzstarauto.store.support.business.model.param.area.AreaQueryPARAM" resultMap="BaseResultMap">
        select <include refid="Base_Column_List"/>
        from <include refid="table"/> 
        where <include refid="Base_Page_Where"/>
    </select>

    <!-- 分页查询查询条件 -->
    <sql id="Base_Page_Where">
        1=1
        <if test=" param != null ">
<!--            <if test=" param.id != null">-->
<!--                and `id` = #{param.id}-->
<!--            </if>-->
            <if test=" param.code != null">
                and `code` = #{param.code}
            </if>
            <if test=" param.parentId != null">
                and `parent_id` = #{param.parentId}
            </if>
            <if test=" param.name != null">
                and `name` = #{param.name}
            </if>
<!--            <if test=" param.nameLike != null">-->
<!--                and `name` like concat ('%',#{param.nameLike},'%')-->
<!--            </if>-->
            <if test=" param.level != null">
                and `level` = #{param.level}
            </if>
            <if test=" param.levelLte != null">
                and `level` &lt;= #{param.levelLte}
            </if>
            <if test=" param.status != null">
                and `status` = #{param.status}
            </if>
<!--            <if test=" param.sortNum != null">-->
<!--                and `sort_num` = #{param.sortNum}-->
<!--            </if>-->
<!--            <if test=" param.gmtCreate != null">-->
<!--                and `gmt_create` = #{param.gmtCreate}-->
<!--            </if>-->
<!--            <if test=" param.gmtCreateLte != null">-->
<!--                and `gmt_create` &lt;= #{param.gmtCreateLte}-->
<!--            </if>-->
<!--            <if test=" param.gmtCreateLt != null">-->
<!--                and `gmt_create` &lt; #{param.gmtCreateLt}-->
<!--            </if>-->
<!--            <if test=" param.gmtCreateGte != null">-->
<!--                and `gmt_create` &gt;= #{param.gmtCreateGte}-->
<!--            </if>-->
<!--            <if test=" param.gmtCreateGt != null">-->
<!--                and `gmt_create` &gt; #{param.gmtCreateGt}-->
<!--            </if>-->
<!--            <if test=" param.gmtModified != null">-->
<!--                and `gmt_modified` = #{param.gmtModified}-->
<!--            </if>-->
<!--            <if test=" param.gmtModifiedLte != null">-->
<!--                and `gmt_modified` &lt;= #{param.gmtModifiedLte}-->
<!--            </if>-->
<!--            <if test=" param.gmtModifiedLt != null">-->
<!--                and `gmt_modified` &lt; #{param.gmtModifiedLt}-->
<!--            </if>-->
<!--            <if test=" param.gmtModifiedGte != null">-->
<!--                and `gmt_modified` &gt;= #{param.gmtModifiedGte}-->
<!--            </if>-->
<!--            <if test=" param.gmtModifiedGt != null">-->
<!--                and `gmt_modified` &gt; #{param.gmtModifiedGt}-->
<!--            </if>-->
        </if>
    </sql>


    <!-- 分页查询查询条件v2 -->
    <sql id="Base_Page_Where_V2">
        1=1 and `status` = 1
        <if test=" param != null ">
            <if test=" param.parentId != null">
                and `parent_id` = #{param.parentId}
            </if>
            <if test=" param.condition != null and param.condition != '' ">
               and ( `code` = #{param.condition}
                or `name` like concat ('%',#{param.condition},'%') )
            </if>
        </if>
    </sql>

    <select id="getPageList" parameterType="com.xjmzstarauto.store.support.business.model.param.area.AreaConditionPARAM" resultMap="BaseResultMap">
        select <include refid="Base_Column_List"/>
        from <include refid="table"/>
        where <include refid="Base_Page_Where_V2"/>
    </select>


    <select id="getAllAddressList" parameterType="com.xjmzstarauto.store.support.business.model.param.area.AreaQueryPARAM" resultMap="BaseResultMap">
        select 'id','code','name'
        from <include refid="table"/>
        where 1=1
    </select>

    <select id="selectByCode" parameterType="com.xjmzstarauto.store.support.business.model.param.area.AreaQueryPARAM" resultMap="BaseResultMap">
        select <include refid="Base_Column_List"/>
        from <include refid="table"/>
        where `code` = #{param.code} and `level` = #{param.level}
    </select>

    <insert id="insertBatch"  useGeneratedKeys="true" keyProperty="id">
        insert into
        <include refid="table"/>
        <trim prefix="(" suffix=")" suffixOverrides=",">
            `code`,
            `parent_id`,
            `name`,
            `level`,
            `sort_num`,
            `status`
        </trim>
        values
        <foreach collection="list" item="item" separator=",">
            <trim prefix="(" suffix=")" suffixOverrides=",">
                #{item.code,jdbcType=VARCHAR},
                #{item.parentId,jdbcType=BIGINT},
                #{item.name,jdbcType=VARCHAR},
                #{item.level,jdbcType=INTEGER},
                #{item.sortNum,jdbcType=INTEGER},
                #{item.status,jdbcType=INTEGER}
            </trim>
        </foreach>
    </insert>

</mapper>

