<?xml version="1.0" encoding="UTF-8"?>
<!DOCTYPE mapper PUBLIC "-//mybatis.org//DTD Mapper 3.0//EN" "http://mybatis.org/dtd/mybatis-3-mapper.dtd">
<mapper namespace="com.xjmzstarauto.store.support.business.mapper.FileStorageMapper">

    <sql id="table">`file_storage`</sql>
    <resultMap id="BaseResultMap" type="com.xjmzstarauto.store.support.business.model.domain.FileStorageDO">
        <id column="id" jdbcType="INTEGER" property="id"/>
        <result column="key" jdbcType="VARCHAR" property="key"/>
        <result column="name" jdbcType="VARCHAR" property="name"/>
        <result column="content_type" jdbcType="VARCHAR" property="contentType"/>
        <result column="size" jdbcType="INTEGER" property="size"/>
        <result column="url" jdbcType="VARCHAR" property="url"/>
        <result column="gmt_create" jdbcType="TIMESTAMP" property="gmtCreate"/>
        <result column="gmt_modified" jdbcType="TIMESTAMP" property="gmtModified"/>
    </resultMap>
    <sql id="Base_Column_List">
         `id` , `key , `name` , `content_type` , `size` , `url` , `gmt_create` , `gmt_modified`
    </sql>

    <select id="selectByPrimaryKey" parameterType="java.lang.Integer" resultMap="BaseResultMap">
        select
        <include refid="Base_Column_List" />
        from <include refid="table"/> 
        where
            `id` = #{id,jdbcType=INTEGER}
    </select>
    
    <select id="selectByKey" resultMap="BaseResultMap" parameterType="java.lang.String">
        select
        <include refid="Base_Column_List" />
        from <include refid="table"/>
        where
        `key` = #{key,jdbcType=VARCHAR}
    </select>


    <delete id="deleteByPrimaryKey" parameterType="java.lang.Integer">
        delete
        from <include refid="table"/>
        where
            `id` = #{id,jdbcType=INTEGER}
    </delete>

    <insert id="insertSelective" parameterType="com.xjmzstarauto.store.support.business.model.domain.FileStorageDO" useGeneratedKeys="true" keyProperty="id">
        insert into
        <include refid="table"/>
        <trim prefix="(" suffix=")" suffixOverrides=",">
            <if test="key != null">
                `key`,
            </if>
            <if test="name != null">
                `name`,
            </if>
            <if test="contentType != null">
                `content_type`,
            </if>
            <if test="size != null">
                `size`,
            </if>
            <if test="url != null">
                `url`,
            </if>
            <if test="gmtCreate != null">
                `gmt_create`,
            </if>
            <if test="gmtModified != null">
                `gmt_modified`,
            </if>
        </trim>
        <trim prefix="values (" suffix=")" suffixOverrides=",">
             <if test="key != null">
                #{key,jdbcType=VARCHAR},
             </if>
             <if test="name != null">
                #{name,jdbcType=VARCHAR},
             </if>
             <if test="contentType != null">
                #{contentType,jdbcType=VARCHAR},
             </if>
             <if test="size != null">
                #{size,jdbcType=INTEGER},
             </if>
             <if test="url != null">
                #{url,jdbcType=VARCHAR},
             </if>
             <if test="gmtCreate != null">
                #{gmtCreate,jdbcType=TIMESTAMP},
             </if>
             <if test="gmtModified != null">
                #{gmtModified,jdbcType=TIMESTAMP},
             </if>
        </trim>
    </insert>
    
    <update id="deleteByKey" parameterType="java.lang.String">
        update <include refid="table"/>
        set `deleted` = 1
        where
        `key` = #{key,jdbcType=VARCHAR}
    </update>
    
</mapper>

