<?xml version="1.0" encoding="UTF-8"?>
<!DOCTYPE mapper PUBLIC "-//mybatis.org//DTD Mapper 3.0//EN" "http://mybatis.org/dtd/mybatis-3-mapper.dtd">
<mapper namespace="com.xjmzstarauto.store.support.business.mapper.SysParameterMapper">

    <sql id="table">`sys_parameter`</sql>
    <resultMap id="BaseResultMap" type="com.xjmzstarauto.store.support.business.model.domain.SysParameterDO">
        <id column="id" jdbcType="INTEGER" property="id"/>
        <result column="key" jdbcType="VARCHAR" property="key"/>
        <result column="value" jdbcType="VARCHAR" property="value"/>
        <result column="name" jdbcType="VARCHAR" property="name"/>
        <result column="description" jdbcType="VARCHAR" property="description"/>
        <result column="publish_flag" jdbcType="INTEGER" property="publishFlag"/>
        <result column="manage_level" jdbcType="INTEGER" property="manageLevel"/>
        <result column="status" jdbcType="INTEGER" property="status"/>
        <result column="creator_id" jdbcType="VARCHAR" property="creatorId"/>
        <result column="creator_name" jdbcType="VARCHAR" property="creatorName"/>
        <result column="modifier_id" jdbcType="VARCHAR" property="modifierId"/>
        <result column="modifier_name" jdbcType="VARCHAR" property="modifierName"/>
        <result column="gmt_create" jdbcType="TIMESTAMP" property="gmtCreate"/>
        <result column="gmt_modified" jdbcType="TIMESTAMP" property="gmtModified"/>
    </resultMap>
    <sql id="Base_Column_List">
         `id` , `key` , `value` , `name` , `description` , `publish_flag` , `manage_level` , `status` , `creator_id` , `creator_name` , `modifier_id` , `modifier_name` , `gmt_create` , `gmt_modified`
    </sql>

    <select id="selectByPrimaryKey" parameterType="java.lang.Integer" resultMap="BaseResultMap">
        select
        <include refid="Base_Column_List" />
        from <include refid="table"/> 
        where
            `id` = #{id,jdbcType=INTEGER}
    </select>


    <delete id="deleteByPrimaryKey" parameterType="java.lang.Integer">
        delete
        from <include refid="table"/>
        where
            `id` = #{id,jdbcType=INTEGER}
    </delete>

    <insert id="insertSelective" parameterType="com.xjmzstarauto.store.support.business.model.domain.SysParameterDO" useGeneratedKeys="true" keyProperty="id">
        insert into
        <include refid="table"/>
        <trim prefix="(" suffix=")" suffixOverrides=",">
            <if test="key != null">
                `key`,
            </if>
            <if test="value != null">
                `value`,
            </if>
            <if test="name != null">
                `name`,
            </if>
            <if test="description != null">
                `description`,
            </if>
            <if test="publishFlag != null">
                `publish_flag`,
            </if>
            <if test="manageLevel != null">
                `manage_level`,
            </if>
            <if test="status != null">
                `status`,
            </if>
            <if test="creatorId != null">
                `creator_id`,
            </if>
            <if test="creatorName != null">
                `creator_name`,
            </if>
            <if test="modifierId != null">
                `modifier_id`,
            </if>
            <if test="modifierName != null">
                `modifier_name`,
            </if>
            <if test="gmtCreate != null">
                `gmt_create`,
            </if>
            <if test="gmtModified != null">
                `gmt_modified`,
            </if>
        </trim>
        <trim prefix="values (" suffix=")" suffixOverrides=",">
             <if test="key != null">
                #{key,jdbcType=VARCHAR},
             </if>
             <if test="value != null">
                #{value,jdbcType=VARCHAR},
             </if>
             <if test="name != null">
                #{name,jdbcType=VARCHAR},
             </if>
             <if test="description != null">
                #{description,jdbcType=VARCHAR},
             </if>
             <if test="publishFlag != null">
                #{publishFlag,jdbcType=INTEGER},
             </if>
            <if test="manageLevel != null">
                #{manageLevel,jdbcType=INTEGER},
            </if>
             <if test="status != null">
                #{status,jdbcType=INTEGER},
             </if>
             <if test="creatorId != null">
                #{creatorId,jdbcType=VARCHAR},
             </if>
             <if test="creatorName != null">
                #{creatorName,jdbcType=VARCHAR},
             </if>
             <if test="modifierId != null">
                #{modifierId,jdbcType=VARCHAR},
             </if>
             <if test="modifierName != null">
                #{modifierName,jdbcType=VARCHAR},
             </if>
             <if test="gmtCreate != null">
                #{gmtCreate,jdbcType=TIMESTAMP},
             </if>
             <if test="gmtModified != null">
                #{gmtModified,jdbcType=TIMESTAMP},
             </if>
        </trim>
    </insert>

    <update id="updateByPrimaryKeySelective" parameterType="com.xjmzstarauto.store.support.business.model.domain.SysParameterDO">
        update
        <include refid="table"/>
        <set>
            <if test="key != null">
                `key` = #{key,jdbcType=VARCHAR},
            </if>
            <if test="value != null">
                `value` = #{value,jdbcType=VARCHAR},
            </if>
            <if test="name != null">
                `name` = #{name,jdbcType=VARCHAR},
            </if>
            <if test="description != null">
                `description` = #{description,jdbcType=VARCHAR},
            </if>
            <if test="publishFlag != null">
                `publish_flag` = #{publishFlag,jdbcType=INTEGER},
            </if>
            <if test="manageLevel != null">
                `manage_level` = #{manageLevel,jdbcType=INTEGER},
            </if>
            <if test="status != null">
                `status` = #{status,jdbcType=INTEGER},
            </if>
            <if test="creatorId != null">
                `creator_id` = #{creatorId,jdbcType=VARCHAR},
            </if>
            <if test="creatorName != null">
                `creator_name` = #{creatorName,jdbcType=VARCHAR},
            </if>
            <if test="modifierId != null">
                `modifier_id` = #{modifierId,jdbcType=VARCHAR},
            </if>
            <if test="modifierName != null">
                `modifier_name` = #{modifierName,jdbcType=VARCHAR},
            </if>
            <if test="gmtCreate != null">
                `gmt_create` = #{gmtCreate,jdbcType=TIMESTAMP},
            </if>
            <if test="gmtModified != null">
                `gmt_modified` = #{gmtModified,jdbcType=TIMESTAMP},
            </if>
        </set>
        where
            `id` = #{id,jdbcType=INTEGER}
    </update>

    <select id="count" parameterType="com.xjmzstarauto.store.support.business.model.param.sysparam.SysParameterQueryPARAM" resultType="java.lang.Integer">
        select count(1)
        from <include refid="table"/> 
        where <include refid="Base_Page_Where"/>
    </select>

    <select id="getList" parameterType="com.xjmzstarauto.store.support.business.model.param.sysparam.SysParameterQueryPARAM" resultMap="BaseResultMap">
        select <include refid="Base_Column_List"/>
        from <include refid="table"/> 
        where <include refid="Base_Page_Where"/>
    </select>

    <!-- 分页查询查询条件 -->
    <sql id="Base_Page_Where">
        1=1
        <if test=" param != null ">
            <if test=" param.id != null">
                and `id` = #{param.id}
            </if>
            <if test=" param.key != null">
                and `key` = #{param.key}
            </if>
            <if test=" param.keyLike != null">
                and `key` like concat ('%',#{param.keyLike},'%')
            </if>
            <if test=" param.value != null">
                and `value` = #{param.value}
            </if>
            <if test=" param.valueLike != null">
                and `value` like concat ('%',#{param.valueLike},'%')
            </if>
            <if test=" param.name != null">
                and `name` = #{param.name}
            </if>
            <if test=" param.nameLike != null">
                and `name` like concat ('%',#{param.nameLike},'%')
            </if>
            <if test=" param.description != null">
                and `description` = #{param.description}
            </if>
            <if test=" param.descriptionLike != null">
                and `description` like concat ('%',#{param.descriptionLike},'%')
            </if>
            <if test=" param.publishFlag != null">
                and `publish_flag` = #{param.publishFlag}
            </if>
            <if test=" param.manageLevel != null">
                and `manage_level` = #{param.manageLevel}
            </if>
            <if test=" param.status != null">
                and `status` = #{param.status}
            </if>
            <if test=" param.creatorId != null">
                and `creator_id` = #{param.creatorId}
            </if>
            <if test=" param.creatorIdLike != null">
                and `creator_id` like concat ('%',#{param.creatorIdLike},'%')
            </if>
            <if test=" param.creatorName != null">
                and `creator_name` = #{param.creatorName}
            </if>
            <if test=" param.creatorNameLike != null">
                and `creator_name` like concat ('%',#{param.creatorNameLike},'%')
            </if>
            <if test=" param.modifierId != null">
                and `modifier_id` = #{param.modifierId}
            </if>
            <if test=" param.modifierIdLike != null">
                and `modifier_id` like concat ('%',#{param.modifierIdLike},'%')
            </if>
            <if test=" param.modifierName != null">
                and `modifier_name` = #{param.modifierName}
            </if>
            <if test=" param.modifierNameLike != null">
                and `modifier_name` like concat ('%',#{param.modifierNameLike},'%')
            </if>
            <if test=" param.gmtCreate != null">
                and `gmt_create` = #{param.gmtCreate}
            </if>
            <if test=" param.gmtCreateLte != null">
                and `gmt_create` &lt;= #{param.gmtCreateLte}
            </if>
            <if test=" param.gmtCreateLt != null">
                and `gmt_create` &lt; #{param.gmtCreateLt}
            </if>
            <if test=" param.gmtCreateGte != null">
                and `gmt_create` &gt;= #{param.gmtCreateGte}
            </if>
            <if test=" param.gmtCreateGt != null">
                and `gmt_create` &gt; #{param.gmtCreateGt}
            </if>
            <if test=" param.gmtModified != null">
                and `gmt_modified` = #{param.gmtModified}
            </if>
            <if test=" param.gmtModifiedLte != null">
                and `gmt_modified` &lt;= #{param.gmtModifiedLte}
            </if>
            <if test=" param.gmtModifiedLt != null">
                and `gmt_modified` &lt; #{param.gmtModifiedLt}
            </if>
            <if test=" param.gmtModifiedGte != null">
                and `gmt_modified` &gt;= #{param.gmtModifiedGte}
            </if>
            <if test=" param.gmtModifiedGt != null">
                and `gmt_modified` &gt; #{param.gmtModifiedGt}
            </if>
        </if>
    </sql>

</mapper>

