<?xml version="1.0" encoding="UTF-8"?>
<!DOCTYPE mapper PUBLIC "-//mybatis.org//DTD Mapper 3.0//EN" "http://mybatis.org/dtd/mybatis-3-mapper.dtd">
<mapper namespace="com.xjmz.dreamcar.gateway.dao.mapper.RouterMapper">

    <!-- 通用查询映射结果 -->
    <resultMap id="BaseResultMap" type="com.xjmz.dreamcar.gateway.dao.entity.Router">
        <id column="id" property="id" />
        <result column="rid" property="rid" />
        <result column="uri" property="uri" />
        <result column="predicates" property="predicates" />
        <result column="filters" property="filters" />
        <result column="name" property="name" />
        <result column="oder" property="oder" />
        <result column="is_deleted" property="isDeleted" />
        <result column="create_time" property="createTime" />
        <result column="created_by" property="createdBy" />
        <result column="update_time" property="updateTime" />
        <result column="updated_by" property="updatedBy" />
    </resultMap>

</mapper>
